TEAM_ID_HOME,GAME_ID,GAME_DATE_HOME,MATCHUP_HOME,is_home_HOME,back_to_back_HOME,REST_DAYS_HOME,WIN_STREAK_HOME,avg_pts_last_15_HOME,avg_pts_last_5_HOME,avg_reb_last_15_HOME,avg_reb_last_5_HOME,avg_ast_last_15_HOME,avg_ast_last_5_HOME,avg_stl_last_15_HOME,avg_stl_last_5_HOME,avg_blk_last_15_HOME,avg_blk_last_5_HOME,avg_fgpct_last_15_HOME,avg_fgpct_last_5_HOME,avg_pm_last_15_HOME,avg_pm_last_5_HOME,avg_fgm_last_15_HOME,avg_fgm_last_5_HOME,avg_tov_last_15_HOME,avg_tov_last_5_HOME,avg_3pm_last_15_HOME,avg_3pm_last_5_HOME,TEAM_ID_AWAY,MATCHUP_AWAY,is_home_AWAY,back_to_back_AWAY,REST_DAYS_AWAY,WIN_STREAK_AWAY,avg_pts_last_15_AWAY,avg_pts_last_5_AWAY,avg_reb_last_15_AWAY,avg_reb_last_5_AWAY,avg_ast_last_15_AWAY,avg_ast_last_5_AWAY,avg_stl_last_15_AWAY,avg_stl_last_5_AWAY,avg_blk_last_15_AWAY,avg_blk_last_5_AWAY,avg_fgpct_last_15_AWAY,avg_fgpct_last_5_AWAY,avg_pm_last_15_AWAY,avg_pm_last_5_AWAY,avg_fgm_last_15_AWAY,avg_fgm_last_5_AWAY,avg_tov_last_15_AWAY,avg_tov_last_5_AWAY,avg_3pm_last_15_AWAY,avg_3pm_last_5_AWAY,HOME_WIN
1610612737,0022500276,2025-11-23,ATL vs. CHA,1,1,0,2,118.0,121.8,42.1,38.6,30.9,32.0,9.9,10.2,5.5,5.4,49.5,51.1,4.4,2.4,43.3,44.8,13.9,14.6,14.3,18.0,1610612766,CHA @ ATL,0,1,0,0,115.3,114.4,45.2,43.0,25.7,25.0,7.0,8.0,4.7,3.8,45.5,43.5,-5.9,-10.4,40.3,41.0,15.2,12.6,14.0,13.4,0
1610612737,0022500069,2025-11-28,ATL vs. CLE,1,0,2,1,118.2,115.8,42.0,39.4,31.5,30.8,9.6,6.4,5.8,5.8,49.8,49.2,4.8,-3.2,43.6,44.2,14.1,13.0,14.2,15.6,1610612739,CLE @ ATL,0,0,3,0,118.7,112.2,44.5,42.8,27.6,25.6,8.7,7.4,6.2,5.2,45.8,48.3,3.4,3.4,42.3,40.8,12.9,13.2,15.7,14.2,0
1610612737,0022500327,2025-12-03,ATL vs. LAC,1,0,1,0,119.3,119.2,41.0,42.2,32.0,32.8,10.0,9.2,5.7,5.2,49.1,47.3,4.6,-0.4,43.6,44.4,14.5,14.2,15.3,14.2,1610612746,LAC @ ATL,0,0,1,1,112.3,112.6,40.4,40.0,23.3,22.8,7.5,7.8,4.6,3.6,46.0,46.4,-8.7,-11.6,38.9,39.4,14.2,14.2,12.5,9.8,0
1610612737,0022500340,2025-12-05,ATL vs. DEN,1,0,1,0,116.9,115.0,41.3,42.4,31.8,30.4,9.9,9.8,5.4,4.4,48.0,45.4,2.1,-5.6,43.2,42.2,14.4,16.0,15.3,14.6,1610612743,DEN @ ATL,0,0,1,2,125.1,129.4,45.3,43.0,29.4,31.0,6.4,4.6,4.0,4.6,51.3,53.5,8.2,6.0,44.8,46.8,12.9,12.6,14.3,17.8,0
1610612737,0022501217,2025-12-14,ATL vs. PHI,1,0,1,1,120.6,113.8,40.9,39.8,32.3,29.2,10.0,10.8,4.9,3.8,49.3,46.7,0.5,-7.4,44.6,42.4,14.9,14.6,15.7,14.2,1610612755,PHI @ ATL,0,0,1,0,112.5,111.8,45.9,48.8,24.4,23.4,8.6,8.6,5.3,4.4,44.3,43.2,-0.9,8.2,39.9,39.0,14.0,11.8,13.1,13.8,0
1610612737,0022500383,2025-12-19,ATL vs. SAS,1,1,0,0,119.3,125.0,41.2,43.8,31.4,32.6,8.8,8.8,4.7,4.4,48.5,49.2,-2.7,-3.4,44.3,46.2,14.6,15.0,14.8,14.4,1610612759,SAS @ ATL,0,1,0,5,119.9,122.8,45.1,47.2,25.6,26.4,8.1,7.6,4.4,4.2,47.4,47.0,4.3,6.0,42.5,43.0,12.9,14.0,14.3,15.4,0
1610612737,0022500396,2025-12-21,ATL vs. CHI,1,0,1,0,117.6,118.0,41.8,43.4,30.8,30.8,8.5,8.6,4.5,4.2,47.6,47.0,-4.7,-8.8,43.9,44.0,14.5,15.8,14.5,12.4,1610612741,CHI @ ATL,0,0,1,3,116.1,117.4,43.5,43.2,28.1,29.6,8.1,9.8,4.5,4.4,46.7,48.2,-6.3,-2.4,42.8,45.0,14.2,13.2,13.9,13.2,0
1610612737,0022500411,2025-12-23,ATL vs. CHI,1,0,1,0,120.1,121.8,41.8,41.4,31.3,31.4,8.3,7.2,4.7,4.8,47.9,46.8,-4.3,-12.2,44.5,43.8,14.1,15.4,15.1,14.4,1610612741,CHI @ ATL,0,0,1,4,117.6,129.6,42.7,43.6,28.8,33.0,8.3,9.2,4.4,4.2,47.4,52.5,-6.4,4.4,43.1,49.2,14.3,12.4,13.9,15.0,0
1610612737,0022500423,2025-12-26,ATL vs. MIA,1,0,2,0,119.9,123.4,41.7,41.6,31.9,33.4,8.5,7.2,4.5,4.0,47.5,47.7,-3.9,-7.4,44.4,45.6,13.7,13.6,14.7,15.0,1610612748,MIA @ ATL,0,0,2,1,114.9,106.8,46.1,45.6,26.4,22.8,8.5,8.8,5.1,3.6,45.8,43.0,-0.6,-7.9,41.7,38.0,13.1,14.6,11.7,12.4,0
1610612737,0022500435,2025-12-27,ATL vs. NYK,1,1,0,0,119.7,121.6,41.7,38.6,31.7,32.0,8.5,6.8,4.4,3.8,47.5,48.4,-6.0,-11.0,44.3,45.0,14.7,14.6,14.3,14.0,1610612752,NYK @ ATL,0,0,1,2,119.7,116.6,46.0,47.4,26.5,26.6,8.2,7.4,4.2,3.4,49.6,46.9,9.3,-2.0,43.9,42.8,13.1,15.6,14.5,15.4,0
1610612737,0022500463,2025-12-31,ATL vs. MIN,1,0,1,1,121.5,127.6,41.3,38.0,31.7,33.6,8.9,7.6,4.1,4.6,47.6,49.1,-5.9,-6.8,44.3,45.6,14.8,13.8,15.4,18.2,1610612750,MIN @ ATL,0,0,1,0,119.8,119.8,44.0,43.0,27.9,28.6,7.9,9.8,5.4,7.0,47.3,46.9,5.5,5.8,42.5,43.6,12.0,9.6,14.2,13.8,0
1610612738,0022500277,2025-11-23,BOS vs. ORL,1,0,1,1,113.0,114.0,45.1,50.6,24.8,26.4,8.3,5.4,5.1,5.2,45.3,46.1,4.7,8.6,42.0,42.2,11.1,11.6,15.3,16.0,1610612753,ORL @ BOS,0,1,0,0,117.9,120.2,44.7,42.8,25.5,26.0,8.4,9.0,5.3,4.6,47.8,48.4,4.6,10.2,40.7,41.8,14.5,12.8,11.5,13.2,0
1610612738,0022500060,2025-11-26,BOS vs. DET,1,0,2,2,115.9,121.6,45.1,47.4,25.5,27.6,8.0,5.8,5.2,5.6,46.5,50.3,6.0,10.8,43.2,45.6,10.5,10.6,15.3,16.4,1610612765,DET @ BOS,0,0,1,0,120.5,122.4,45.7,41.0,26.9,28.8,10.6,9.6,5.4,5.8,49.8,53.2,7.9,10.0,44.0,45.0,14.4,14.0,11.3,12.2,0
1610612738,0022500320,2025-12-02,BOS vs. NYK,1,0,1,2,115.1,118.4,44.3,42.8,25.2,24.0,8.1,8.2,5.2,5.4,46.8,49.4,3.0,0.4,42.9,43.6,10.9,11.2,15.1,15.2,1610612752,NYK @ BOS,0,0,1,0,123.1,119.4,45.7,45.0,28.3,26.8,8.4,8.4,4.5,3.8,48.7,50.7,9.5,12.0,44.9,44.0,12.8,13.8,15.5,13.6,0
1610612738,0022500338,2025-12-05,BOS vs. LAL,1,1,0,4,119.1,123.6,44.5,43.4,25.4,24.0,8.3,9.6,5.3,5.8,48.7,50.2,8.1,10.4,44.1,45.2,10.9,11.4,15.4,16.6,1610612747,LAL @ BOS,0,1,0,0,119.9,125.6,40.7,39.0,25.5,25.2,8.6,5.0,3.9,5.0,50.8,53.3,4.0,5.0,42.7,44.4,14.5,13.0,12.5,14.4,0
1610612738,0022501222,2025-12-15,BOS vs. DET,1,0,3,0,119.0,123.4,44.4,40.4,25.1,25.2,7.7,8.8,5.3,5.2,48.6,50.4,8.1,13.0,43.6,45.4,11.5,11.4,16.6,18.2,1610612765,DET @ BOS,0,0,2,4,122.0,119.2,46.3,46.8,26.9,26.4,9.9,9.6,5.9,6.2,49.6,47.7,6.8,8.4,44.1,42.0,15.7,15.2,11.7,11.2,0
1610612738,0022500381,2025-12-19,BOS vs. MIA,1,0,3,1,118.6,119.8,44.1,40.2,24.7,24.8,7.5,9.0,5.5,5.6,48.6,48.4,7.4,10.4,43.5,43.2,11.3,11.8,16.4,17.6,1610612748,MIA @ BOS,0,1,0,0,116.5,105.2,46.5,44.0,27.6,22.8,8.3,7.6,5.8,6.6,46.2,46.3,2.7,-4.9,42.7,39.8,12.9,13.6,11.8,8.4,0
1610612738,0022500403,2025-12-22,BOS vs. IND,1,0,1,3,119.3,113.6,43.5,43.6,24.0,21.0,7.9,7.4,5.4,5.4,49.3,46.5,7.1,3.0,43.6,40.8,11.5,11.8,16.3,15.4,1610612754,IND @ BOS,0,0,1,0,111.5,106.4,41.8,44.4,23.8,24.2,7.9,7.4,6.4,5.8,46.1,41.8,-2.9,-7.6,39.9,38.0,13.1,11.2,12.2,11.2,0
1610612739,0022500048,2025-11-21,CLE vs. IND,1,0,1,1,120.5,114.6,44.3,43.8,27.4,25.4,9.3,7.6,5.9,7.0,46.0,46.9,4.6,2.2,42.2,40.8,13.8,14.4,15.5,12.8,1610612754,IND @ CLE,0,0,1,0,110.1,115.2,46.3,40.4,23.5,24.4,6.3,5.6,4.9,5.0,41.2,44.2,-12.9,-16.6,38.3,39.2,13.9,14.2,11.6,11.4,0
1610612739,0022500278,2025-11-23,CLE vs. LAC,1,0,1,2,119.7,112.6,45.4,44.4,27.1,24.6,8.7,6.0,6.1,6.6,45.7,47.9,4.9,1.6,42.1,40.4,13.6,14.8,15.1,12.6,1610612746,LAC @ CLE,0,1,0,0,112.5,118.2,41.7,43.6,23.8,22.6,8.6,8.2,5.1,4.8,47.3,45.2,-3.7,-2.4,39.7,40.0,15.1,14.4,13.6,14.4,0
1610612739,0022500302,2025-11-30,CLE vs. BOS,1,0,1,0,119.9,113.2,44.9,43.4,27.9,26.4,8.9,7.8,6.2,5.0,46.2,46.4,4.3,-0.4,42.9,40.8,13.1,13.4,15.7,14.6,1610612738,BOS @ CLE,0,1,0,1,115.7,117.6,44.8,43.4,25.9,25.2,8.2,7.6,5.1,5.6,46.4,49.4,4.2,2.8,43.0,43.0,10.4,11.8,15.5,16.2,0
1610612739,0022500324,2025-12-03,CLE vs. POR,1,0,1,0,122.1,118.4,45.2,43.4,27.9,27.8,8.3,8.8,5.9,4.4,47.3,47.2,5.4,2.2,44.1,43.6,12.5,12.4,15.7,16.4,1610612757,POR @ CLE,0,1,0,1,117.1,109.0,47.1,45.8,23.9,21.6,7.3,6.8,5.1,6.6,44.8,42.8,-5.9,-7.8,40.9,36.6,15.7,15.4,13.5,14.0,0
1610612739,0022500341,2025-12-05,CLE vs. SAS,1,0,1,1,120.6,116.4,45.9,44.2,27.3,26.8,8.3,8.6,6.2,5.8,46.4,45.0,3.9,-3.2,43.3,42.2,12.1,11.4,15.3,15.6,1610612759,SAS @ CLE,0,0,1,0,119.3,121.2,43.8,43.4,26.3,22.4,8.4,8.8,4.4,4.8,48.3,46.8,3.3,2.4,42.5,43.0,14.0,10.4,13.8,13.4,0
1610612739,0022500352,2025-12-06,CLE vs. GSW,1,1,0,0,119.4,122.6,45.3,46.4,27.1,27.8,8.0,8.4,6.1,5.8,47.1,48.3,2.5,1.6,43.2,45.0,12.3,11.8,14.5,14.4,1610612744,GSW @ CLE,0,0,1,1,111.6,109.6,43.9,46.0,27.1,28.8,10.1,8.2,4.5,3.8,43.9,43.9,-1.1,1.6,39.0,40.8,15.0,12.6,15.5,14.6,0
1610612739,0022501218,2025-12-14,CLE vs. CHA,1,0,1,0,116.6,119.8,46.0,50.0,26.1,25.0,8.3,8.8,5.7,5.6,46.3,45.3,2.2,3.2,42.1,43.2,12.5,9.6,13.7,12.0,1610612766,CHA @ CLE,0,0,1,1,112.3,110.0,42.7,42.4,24.7,25.0,7.0,7.0,4.7,5.2,44.6,46.4,-4.9,-3.0,40.1,40.0,13.5,14.8,13.3,13.6,0
1610612739,0022500384,2025-12-19,CLE vs. CHI,1,0,1,0,115.2,115.2,46.0,48.6,25.8,25.6,8.0,8.8,5.0,3.0,46.3,44.7,0.5,-2.4,41.7,41.6,13.2,13.4,13.7,11.4,1610612741,CHI @ CLE,0,0,1,2,116.9,111.2,44.3,42.8,28.4,27.0,7.7,8.8,4.8,3.8,46.2,46.6,-7.3,-7.6,42.5,41.2,14.5,14.4,13.9,12.2,0
1610612739,0022500402,2025-12-22,CLE vs. CHA,1,0,2,1,116.3,114.2,45.8,48.2,26.3,25.4,8.2,8.8,4.5,2.4,46.4,42.5,-0.7,-7.2,42.3,41.2,12.9,13.6,13.7,12.6,1610612766,CHA @ CLE,0,0,1,0,112.1,114.0,42.8,42.4,25.1,28.4,7.7,8.8,5.1,4.6,44.5,45.3,-4.6,-4.6,40.0,41.8,14.5,14.8,13.9,16.8,0
1610612739,0022500412,2025-12-23,CLE vs. NOP,1,1,0,2,117.7,123.2,44.8,42.0,27.0,29.6,8.3,9.2,4.3,2.0,46.3,46.7,-1.1,-4.8,42.6,43.4,12.7,13.8,14.3,15.4,1610612740,NOP @ CLE,0,1,0,0,121.9,127.4,45.3,50.2,26.9,27.4,9.1,9.4,4.2,4.8,48.4,49.4,-0.4,12.6,45.2,47.8,12.1,12.4,10.0,9.6,0
1610612739,0022500465,2025-12-31,CLE vs. PHX,1,0,1,2,120.1,123.4,45.7,42.6,28.3,31.6,8.8,9.2,3.9,3.6,46.7,49.2,-0.3,4.6,44.1,46.2,12.9,13.2,14.5,16.6,1610612756,PHX @ CLE,0,0,1,0,111.3,120.2,42.1,46.0,24.1,27.0,10.8,9.2,3.7,4.4,45.9,48.3,-2.0,10.2,41.3,44.4,14.5,14.0,12.9,14.2,0
1610612739,0022500478,2026-01-02,CLE vs. DEN,1,0,1,3,120.5,121.4,46.1,47.4,28.4,30.6,8.7,8.8,4.3,5.0,46.9,48.2,1.2,6.4,44.4,46.2,12.7,13.4,14.4,14.8,1610612743,DEN @ CLE,0,0,1,0,125.9,125.4,41.8,42.2,29.6,28.6,6.8,5.8,3.8,3.6,51.7,50.1,4.5,-3.8,45.3,44.4,11.9,13.6,15.1,14.2,0
1610612740,0022500270,2025-11-22,NOP vs. ATL,1,1,0,0,108.5,110.4,41.0,41.6,23.1,23.4,9.5,11.6,3.1,4.0,44.2,45.9,-12.9,-11.8,39.1,41.0,14.7,17.0,11.4,9.2,1610612737,ATL @ NOP,0,0,1,1,117.7,125.4,41.9,39.2,30.8,34.8,10.1,11.8,5.3,5.2,49.6,53.2,3.5,5.6,43.3,46.2,14.5,17.0,13.7,18.0,0
1610612740,0022500289,2025-11-24,NOP vs. CHI,1,0,1,1,107.3,109.2,41.2,42.8,22.9,22.8,9.1,10.4,3.3,4.6,44.1,45.5,-13.8,-12.4,38.6,40.2,14.7,15.8,11.3,8.4,1610612741,CHI @ NOP,0,0,1,0,121.1,125.4,47.0,48.8,29.7,31.4,8.0,6.4,5.6,8.2,47.4,44.7,-2.7,-6.8,43.6,44.4,14.4,14.0,14.7,16.6,0
1610612740,0022500065,2025-11-26,NOP vs. MEM,1,0,1,0,110.8,116.6,42.5,44.8,23.7,24.0,9.5,10.8,3.6,4.8,45.2,46.5,-10.8,-6.2,40.3,43.2,14.5,13.8,11.5,9.4,1610612763,MEM @ NOP,0,0,1,1,110.1,111.0,46.1,51.0,29.0,30.4,7.7,7.4,3.7,4.2,42.9,42.7,-5.5,3.8,39.1,40.6,13.7,11.8,13.0,12.4,0
1610612740,0022500321,2025-12-02,NOP vs. MIN,1,0,1,0,112.6,117.2,43.4,46.6,23.8,24.4,9.5,8.2,3.7,4.6,45.8,46.0,-8.0,-5.8,41.7,43.2,13.9,11.8,11.4,12.0,1610612750,MIN @ NOP,0,0,1,3,120.8,114.8,44.6,41.8,27.7,26.0,8.9,7.6,4.5,3.4,49.0,46.7,8.3,0.6,43.1,40.4,14.3,15.0,14.9,16.0,0
1610612740,0022500337,2025-12-04,NOP vs. MIN,1,0,1,0,114.3,126.0,43.6,45.4,23.7,25.4,9.3,8.2,3.6,3.6,46.2,48.6,-8.7,-3.8,42.1,46.2,13.9,11.4,11.1,12.8,1610612750,MIN @ NOP,0,0,1,4,122.6,122.0,44.8,42.6,27.5,28.2,8.8,5.6,4.7,3.4,48.7,47.6,7.7,2.2,43.4,43.0,14.2,13.0,15.1,17.6,0
1610612740,0022500366,2025-12-08,NOP vs. SAS,1,0,1,0,114.1,115.2,42.5,42.2,24.7,24.8,9.5,7.6,3.6,1.8,46.2,46.6,-10.2,-10.8,41.9,41.6,14.1,12.0,10.5,9.6,1610612759,SAS @ NOP,0,0,2,1,119.3,121.6,43.9,39.6,26.7,24.6,8.5,8.2,4.5,4.2,48.1,47.7,2.5,-2.8,42.9,43.2,13.7,11.4,13.9,14.2,0
1610612740,0022501207,2025-12-11,NOP vs. POR,1,0,2,1,116.4,122.4,42.0,38.8,25.8,28.6,9.2,7.8,3.8,2.6,47.3,50.8,-8.9,-9.8,43.0,45.4,13.5,11.2,10.3,9.6,1610612757,POR @ NOP,0,0,3,0,114.9,113.4,46.9,46.0,23.5,23.0,6.6,6.6,5.4,5.8,44.1,42.9,-6.3,-5.6,39.5,36.4,15.7,16.4,13.5,14.4,0
1610612740,0022500375,2025-12-18,NOP vs. HOU,1,0,3,3,118.8,121.2,44.2,44.4,26.1,30.2,9.2,9.0,4.3,4.8,47.8,49.3,-5.2,0.6,44.3,46.4,12.9,11.6,9.9,8.6,1610612745,HOU @ NOP,0,0,2,0,119.7,117.4,48.7,47.2,25.2,25.2,9.1,8.6,5.2,6.2,48.8,51.8,9.5,6.2,44.8,45.4,14.3,17.8,11.3,9.8,0
1610612740,0022500389,2025-12-20,NOP vs. IND,1,0,1,4,120.6,124.6,43.9,44.0,26.5,29.8,9.5,9.8,4.5,5.8,48.1,50.3,-3.7,3.4,45.0,47.6,12.4,11.6,10.1,9.4,1610612754,IND @ NOP,0,0,1,0,111.7,108.6,41.7,43.0,23.4,23.4,7.8,8.6,6.3,6.4,46.1,44.0,-2.8,-0.8,39.7,39.0,13.2,11.0,12.7,13.2,0
1610612740,0022500404,2025-12-22,NOP vs. DAL,1,0,1,5,121.9,130.0,44.9,46.6,26.7,28.8,9.3,9.2,4.4,5.6,48.4,51.9,-1.3,10.8,45.2,49.2,12.1,11.8,9.9,9.4,1610612742,DAL @ NOP,0,0,1,0,114.7,120.8,43.7,44.0,25.1,25.0,7.1,7.6,6.1,8.0,47.3,51.4,-2.1,1.8,42.3,45.6,13.9,15.0,11.5,6.8,0
1610612740,0022500429,2025-12-26,NOP vs. PHX,1,0,2,0,122.1,122.4,45.4,47.4,27.0,25.4,8.7,9.4,4.1,3.6,48.4,48.1,-1.7,3.4,45.3,44.8,12.3,14.0,10.3,9.4,1610612756,PHX @ NOP,0,0,2,2,111.2,110.0,40.5,39.0,24.0,26.0,12.0,12.2,3.8,5.0,46.3,47.1,-2.2,-5.8,41.2,40.2,14.8,16.2,12.7,11.8,0
1610612740,0022500434,2025-12-27,NOP vs. PHX,1,1,0,0,122.8,121.2,44.7,44.4,27.1,25.6,9.1,10.0,3.8,3.0,48.6,47.8,-1.1,0.0,45.5,44.0,12.2,13.6,10.1,8.8,1610612756,PHX @ NOP,0,1,0,3,110.4,115.2,40.9,42.0,24.1,26.4,11.3,11.6,3.8,5.4,46.3,48.9,-2.9,5.4,41.0,42.4,14.9,15.6,12.3,11.4,0
1610612740,0022500454,2025-12-29,NOP vs. NYK,1,0,1,0,120.9,117.4,43.9,44.8,26.3,23.4,8.9,9.2,3.9,3.0,48.1,46.4,-2.5,-2.8,44.5,41.8,12.4,13.8,9.8,8.4,1610612752,NYK @ NOP,0,0,1,3,120.7,119.4,46.8,49.2,26.4,25.8,8.4,7.2,4.1,3.2,49.2,46.6,8.6,-1.6,43.8,42.8,13.4,14.8,14.7,15.0,0
1610612740,0022500482,2026-01-02,NOP vs. POR,1,0,1,0,122.1,116.6,44.3,44.0,26.4,23.2,8.5,8.2,4.3,5.6,48.2,44.5,-3.1,-12.0,44.8,41.2,12.0,12.4,9.8,10.2,1610612757,POR @ NOP,0,0,1,0,113.3,108.6,45.1,46.8,24.0,23.8,7.2,7.0,4.8,3.4,44.7,45.2,-5.9,-8.0,39.2,39.8,17.5,18.2,14.1,14.6,0
1610612741,0022500271,2025-11-22,CHI vs. WAS,1,1,0,1,120.7,123.8,46.7,46.8,29.9,30.4,8.1,7.6,5.8,8.4,47.6,45.8,-2.5,-9.2,43.4,44.2,14.9,16.2,14.7,16.6,1610612764,WAS @ CHI,0,1,0,0,112.5,114.4,42.9,37.6,25.3,24.6,6.7,7.6,5.6,4.8,45.9,47.3,-17.2,-17.8,41.5,42.2,16.7,15.2,13.4,13.6,0
1610612741,0022500329,2025-12-03,CHI vs. BKN,1,0,1,0,119.0,117.6,45.7,43.8,29.1,28.0,7.6,6.2,5.4,3.2,46.6,47.3,-7.2,-5.2,43.0,42.8,14.8,14.0,14.8,14.0,1610612751,BKN @ CHI,0,0,1,2,107.1,105.4,39.3,39.8,24.9,23.8,6.9,5.8,4.5,4.0,43.5,43.2,-8.3,-7.8,36.5,36.2,14.2,15.2,13.6,14.4,0
1610612741,0022500345,2025-12-05,CHI vs. IND,1,0,1,0,118.1,114.0,45.5,41.4,28.5,26.8,8.1,8.0,5.3,2.4,46.2,47.4,-7.1,-7.4,42.5,42.0,14.9,15.2,14.1,13.0,1610612754,IND @ CHI,0,0,1,1,109.6,111.2,42.5,42.2,23.5,22.8,7.1,7.0,5.9,7.2,44.3,48.7,-10.3,0.4,39.0,41.4,14.0,13.4,11.5,12.0,0
1610612741,0022500361,2025-12-07,CHI vs. GSW,1,0,1,0,117.6,109.0,45.3,44.0,28.2,25.2,7.8,8.6,4.8,2.2,46.0,45.7,-8.2,-7.8,42.0,40.2,14.9,15.4,14.1,11.6,1610612744,GSW @ CHI,0,1,0,2,110.5,102.6,44.0,45.2,26.9,27.0,9.9,7.6,4.6,4.4,43.5,41.8,-0.5,-0.8,38.5,37.2,14.7,13.2,15.2,13.4,0
1610612741,0022501223,2025-12-14,CHI vs. NOP,1,0,1,0,116.8,109.6,44.5,42.6,27.7,24.8,7.7,9.0,5.0,3.4,45.8,45.5,-8.7,-11.8,42.1,40.0,14.9,16.0,14.0,11.4,1610612740,NOP @ CHI,0,0,2,2,118.1,126.8,43.5,42.2,26.3,31.2,9.5,8.6,4.2,4.0,47.6,51.0,-6.8,-2.8,44.0,47.8,13.3,11.2,10.2,9.4,0
1610612741,0022500367,2025-12-17,CHI vs. CLE,1,0,2,1,115.9,106.4,44.4,42.6,27.5,24.0,7.7,9.2,5.0,3.4,45.7,43.8,-9.1,-12.8,41.9,38.8,14.9,14.6,13.8,10.8,1610612739,CLE @ CHI,0,0,2,0,115.3,115.0,45.8,49.6,25.8,25.0,8.1,9.4,5.2,4.6,46.1,43.1,0.7,-1.6,41.6,40.8,12.7,10.8,13.5,11.6,0
1610612741,0022500427,2025-12-26,CHI vs. PHI,1,0,2,5,117.9,129.0,43.3,44.4,28.7,34.2,7.9,9.4,4.1,4.0,47.5,51.5,-6.3,4.4,43.1,48.0,14.3,13.4,13.4,15.6,1610612755,PHI @ CHI,0,0,2,0,114.9,115.0,45.9,46.0,24.2,22.0,9.5,9.2,5.7,5.8,43.7,42.2,-0.1,3.0,40.2,38.0,13.5,11.4,13.2,13.0,0
1610612741,0022500437,2025-12-27,CHI vs. MIL,1,1,0,0,118.0,130.0,44.2,46.2,29.1,35.2,7.8,8.0,3.7,4.4,47.7,52.1,-3.4,7.8,43.2,48.0,13.9,13.0,13.5,15.8,1610612749,MIL @ CHI,0,1,0,1,107.8,100.4,40.6,44.4,25.5,22.0,8.2,8.2,3.7,2.8,47.5,43.7,-5.9,-11.6,39.2,36.4,15.4,17.8,14.3,12.0,0
1610612741,0022500452,2025-12-29,CHI vs. MIN,1,0,1,0,116.8,125.2,44.1,48.0,29.2,33.8,7.8,6.6,3.5,4.2,47.7,49.2,-4.1,2.8,43.0,45.8,14.2,13.0,13.6,15.6,1610612750,MIN @ CHI,0,0,1,1,117.7,115.0,43.9,45.2,27.4,26.2,7.6,9.6,5.1,6.4,46.5,43.7,2.6,-0.2,41.3,40.0,12.7,11.6,14.3,13.4,0
1610612741,0022500466,2025-12-31,CHI vs. NOP,1,0,1,1,114.9,118.2,44.7,46.8,28.9,32.0,7.7,4.8,3.7,4.6,47.0,47.0,-5.5,-6.4,42.7,42.8,14.1,13.8,13.1,14.6,1610612740,NOP @ CHI,0,0,1,0,120.7,116.8,44.6,45.0,25.8,23.8,8.7,9.2,3.9,4.2,47.8,45.0,-2.5,-7.6,44.1,41.6,12.2,12.8,9.5,9.4,0
1610612741,0022500480,2026-01-02,CHI vs. ORL,1,0,1,0,116.1,114.6,45.0,48.6,29.1,30.4,7.5,4.0,4.1,5.4,47.2,45.7,-4.0,-3.6,42.7,41.6,13.9,13.0,13.6,13.6,1610612753,ORL @ CHI,0,0,1,0,112.8,112.0,45.1,43.2,25.8,26.6,8.3,7.6,5.2,4.2,45.0,44.7,-2.9,-1.8,41.3,40.0,12.5,11.2,10.1,9.6,0
1610612742,0022500052,2025-11-21,DAL vs. NOP,1,0,1,1,111.5,117.2,45.9,47.0,24.1,23.8,8.7,8.2,6.3,7.0,45.1,45.2,-4.9,-7.2,39.5,40.8,16.6,18.4,10.9,13.4,1610612740,NOP @ DAL,0,0,1,0,108.9,110.8,41.3,40.2,22.8,24.0,9.1,9.8,3.1,3.6,44.2,46.1,-13.1,-12.8,39.3,41.2,14.7,16.4,11.6,10.4,0
1610612742,0022500273,2025-11-22,DAL vs. MEM,1,1,0,0,112.3,118.0,45.9,47.4,24.6,23.4,8.5,8.0,6.5,6.8,45.4,44.7,-4.0,-4.8,39.7,40.2,16.5,18.6,11.3,13.2,1610612763,MEM @ DAL,0,0,1,2,111.7,110.6,45.3,47.8,29.1,30.8,7.9,8.2,3.6,3.8,42.9,42.4,-5.7,-5.2,39.2,39.6,13.7,13.6,13.3,12.4,0
1610612742,0022500332,2025-12-03,DAL vs. MIA,1,0,1,3,112.9,112.4,45.5,42.0,24.6,25.2,8.7,7.8,6.3,4.8,45.1,45.3,-3.4,-1.2,40.8,42.0,14.9,10.6,12.2,13.0,1610612748,MIA @ DAL,0,0,1,0,124.3,122.8,46.4,49.2,30.6,29.4,9.2,8.6,5.3,5.8,47.8,48.5,5.1,6.2,45.0,45.2,13.5,13.6,13.3,12.8,0
1610612742,0022500356,2025-12-06,DAL vs. HOU,1,1,0,1,114.7,118.6,45.3,40.8,25.7,28.8,8.0,7.0,6.1,4.0,45.7,49.4,-3.1,-1.4,41.3,44.8,14.4,10.2,13.0,14.6,1610612745,HOU @ DAL,0,1,0,0,119.4,119.2,49.7,50.2,25.2,26.0,9.5,9.2,5.1,6.8,48.3,49.7,11.2,13.8,44.4,43.8,14.3,14.8,11.3,9.4,0
1610612742,0022501214,2025-12-12,DAL vs. BKN,1,0,5,2,115.4,119.2,44.0,39.2,25.4,27.6,7.9,8.0,6.0,4.0,46.6,51.6,-2.6,3.2,41.8,45.8,14.3,10.4,13.1,13.2,1610612751,BKN @ DAL,0,0,5,0,108.1,111.4,39.5,41.0,25.9,28.8,6.7,7.6,5.1,5.8,44.7,47.2,-5.2,2.2,37.1,39.8,14.9,16.4,14.3,15.4,0
1610612742,0022500376,2025-12-18,DAL vs. DET,1,0,2,1,117.0,120.6,43.8,42.0,25.4,27.6,7.7,7.4,5.7,5.6,47.1,51.2,-1.8,0.6,42.7,46.0,14.0,12.8,12.6,11.6,1610612765,DET @ DAL,0,0,2,0,120.3,121.8,44.7,42.6,26.5,27.0,9.4,9.2,5.7,5.0,50.0,48.1,7.1,9.6,43.7,42.6,15.5,12.8,11.7,12.8,0
1610612742,0022500415,2025-12-23,DAL vs. DEN,1,1,0,1,115.8,119.0,44.6,49.2,26.1,26.4,7.3,6.8,6.2,8.2,47.6,48.2,-0.9,-2.0,43.1,45.0,13.7,15.8,11.5,7.4,1610612743,DEN @ DAL,0,1,0,0,125.5,125.2,41.5,42.8,30.1,29.6,6.7,8.6,3.9,3.2,52.3,51.1,6.6,10.8,45.5,45.4,12.5,11.2,15.3,15.0,0
1610612742,0022500473,2026-01-01,DAL vs. PHI,1,0,2,0,119.1,117.8,43.3,45.2,27.1,27.4,7.2,7.0,5.8,5.4,50.4,50.6,-1.5,-4.8,45.7,46.8,12.9,13.6,10.4,9.8,1610612755,PHI @ DAL,0,0,1,2,114.4,114.4,44.9,43.0,23.8,23.6,9.5,9.8,5.2,4.2,43.1,41.9,-1.3,-6.0,39.8,39.6,12.9,12.6,13.0,12.4,0
1610612743,0022500274,2025-11-22,DEN vs. SAC,1,1,0,0,123.8,123.4,46.7,44.2,29.1,27.0,8.0,8.0,3.9,4.4,50.9,51.0,11.0,6.4,44.6,43.0,13.0,13.0,12.1,12.6,1610612758,SAC @ DEN,0,0,1,1,110.7,103.0,39.4,38.6,26.0,24.8,8.5,9.2,2.8,2.6,46.4,44.2,-14.1,-23.0,40.6,38.6,14.3,15.8,11.6,11.4,0
1610612743,0022500076,2025-11-28,DEN vs. SAS,1,0,3,0,122.7,122.4,46.5,43.2,28.9,28.8,6.9,5.6,4.0,3.8,50.5,51.0,10.3,2.4,44.4,44.6,12.9,13.8,12.8,14.4,1610612759,SAS @ DEN,0,0,1,2,117.5,117.2,45.0,46.8,26.4,25.8,8.9,8.6,4.7,4.2,48.6,47.4,4.9,7.2,41.6,42.0,14.9,12.2,13.3,13.6,0
1610612743,0022500315,2025-12-01,DEN vs. DAL,1,0,1,0,123.9,125.2,45.3,41.2,28.9,30.2,6.7,4.2,4.1,4.6,50.8,52.5,8.1,4.6,44.3,44.6,13.3,14.6,13.5,17.0,1610612742,DAL @ DEN,0,0,1,2,111.0,109.8,45.3,42.8,24.3,24.2,9.2,8.8,6.5,5.8,44.4,43.6,-4.6,-2.6,39.9,39.4,15.4,13.0,11.7,13.0,0
1610612743,0022501225,2025-12-15,DEN vs. HOU,1,0,3,5,126.3,128.2,43.0,41.6,28.9,30.4,6.4,7.4,3.9,3.6,52.4,54.0,7.5,9.2,45.3,47.6,12.5,10.2,14.7,14.0,1610612745,HOU @ DEN,0,0,3,0,118.7,117.4,48.3,47.2,24.9,24.8,9.5,8.4,4.9,6.2,48.5,50.6,8.9,5.2,44.3,44.2,14.7,17.2,11.3,9.4,0
1610612743,0022500377,2025-12-18,DEN vs. ORL,1,0,2,6,126.7,129.6,42.3,39.8,28.9,27.8,6.7,8.4,4.0,3.4,52.4,54.7,6.7,11.8,45.3,46.8,12.3,10.8,14.8,14.6,1610612753,ORL @ DEN,0,0,4,0,119.3,111.0,44.7,45.2,26.7,26.4,8.8,7.4,4.8,3.8,47.0,44.4,6.5,-2.0,43.0,41.6,12.5,12.2,12.1,12.2,0
1610612743,0022500386,2025-12-20,DEN vs. HOU,1,0,1,0,126.4,127.8,42.2,40.2,29.5,29.4,6.5,8.6,4.0,3.0,52.6,54.0,6.5,11.0,45.6,46.8,12.5,11.4,15.0,14.4,1610612745,HOU @ DEN,0,0,1,1,120.1,118.8,49.2,46.4,25.6,26.4,9.0,7.8,5.5,6.2,48.4,50.6,8.7,0.0,44.9,45.8,14.3,18.2,11.3,10.8,0
1610612743,0022500405,2025-12-22,DEN vs. UTA,1,0,1,1,124.9,121.2,41.7,39.6,29.0,28.0,6.5,8.6,3.7,2.2,52.1,51.5,4.9,8.0,45.5,44.8,12.4,11.2,14.6,12.8,1610612762,UTA @ DEN,0,0,1,0,122.7,126.6,43.9,46.6,30.5,31.2,7.9,6.2,3.2,2.8,47.1,47.7,-8.1,-5.6,43.3,45.0,14.4,13.6,14.1,15.0,0
1610612743,0022500013,2025-12-25,DEN vs. MIN,1,0,1,1,125.8,124.0,41.1,40.4,30.3,30.4,6.7,8.4,3.9,3.4,52.5,50.8,6.1,4.4,45.7,45.0,12.2,11.8,15.9,16.6,1610612750,MIN @ DEN,0,0,1,0,116.4,111.4,44.6,49.0,26.1,24.8,8.1,10.6,4.8,6.4,46.0,42.0,3.5,5.4,40.7,38.8,13.5,12.6,14.3,13.4,0
1610612744,0022500056,2025-11-21,GSW vs. POR,1,0,1,0,112.5,113.4,43.0,44.8,26.5,26.4,9.9,11.0,4.6,4.6,44.5,43.2,-0.9,0.4,38.3,38.0,16.9,17.8,15.9,17.6,1610612757,POR @ GSW,0,0,1,1,120.7,121.0,45.0,48.6,25.5,24.2,9.3,6.8,4.5,4.6,45.1,46.0,-1.7,-7.8,42.7,44.4,15.6,15.6,13.5,12.4,0
1610612744,0022500291,2025-11-24,GSW vs. UTA,1,0,2,1,112.8,113.0,42.4,43.2,26.9,26.2,10.0,11.2,4.7,4.8,44.8,44.4,0.2,-1.4,38.7,38.8,16.1,17.4,15.9,16.8,1610612762,UTA @ GSW,0,1,0,0,117.4,123.2,46.6,43.8,28.9,31.6,7.8,10.4,3.4,3.6,44.3,47.2,-8.7,-11.0,40.3,44.0,17.3,18.4,13.6,15.8,0
1610612744,0022500066,2025-11-26,GSW vs. HOU,1,0,1,0,113.0,118.0,43.1,45.4,26.7,29.4,10.3,11.6,4.7,4.2,44.6,45.7,0.5,1.8,39.1,41.4,15.7,16.6,15.9,17.2,1610612745,HOU @ GSW,0,0,1,2,122.3,118.8,49.1,48.4,25.3,23.0,9.5,10.0,4.9,4.0,48.6,46.1,11.1,11.4,44.2,44.0,14.5,12.2,12.7,12.2,0
1610612744,0022500298,2025-11-29,GSW vs. NOP,1,0,2,1,113.1,113.2,43.5,45.4,26.8,27.6,10.1,10.4,4.8,4.4,44.4,45.1,-1.1,-2.6,38.9,39.8,15.9,15.6,15.6,14.8,1610612740,NOP @ GSW,0,0,2,0,113.5,120.4,42.8,45.8,24.8,26.6,9.6,11.0,4.0,5.8,46.0,46.7,-8.9,-3.8,41.5,44.8,14.6,12.6,12.3,10.8,0
1610612744,0022500323,2025-12-02,GSW vs. OKC,1,0,2,0,112.7,111.4,43.7,47.6,27.1,28.0,9.9,9.2,4.6,4.4,44.3,43.3,0.1,0.6,39.0,39.6,15.2,13.8,15.5,14.6,1610612760,OKC @ GSW,0,0,1,13,123.2,125.0,43.3,40.0,27.2,28.4,10.4,9.6,5.6,5.4,50.2,51.8,17.9,15.8,43.7,44.0,12.3,11.2,14.1,14.0,0
1610612744,0022501215,2025-12-12,GSW vs. MIN,1,0,4,0,111.7,107.2,44.3,46.0,26.8,27.4,10.4,8.2,4.4,3.8,44.0,43.2,3.3,6.4,38.8,39.0,14.9,13.0,15.9,15.4,1610612750,MIN @ GSW,0,0,3,1,120.1,122.6,44.4,41.4,26.5,28.6,8.4,5.6,4.7,4.0,47.5,49.8,6.1,5.8,42.1,43.2,13.6,13.2,14.3,14.8,0
1610612744,0022500392,2025-12-20,GSW vs. PHX,1,0,1,1,112.3,114.2,45.0,45.8,27.7,28.0,9.7,9.8,4.2,4.0,44.4,44.8,1.7,4.8,39.9,40.0,15.3,15.8,16.2,17.2,1610612756,PHX @ GSW,0,0,1,0,111.7,101.6,41.7,40.0,22.9,22.4,11.5,11.8,3.6,3.4,46.3,42.7,-1.4,-13.2,41.5,37.8,14.9,15.2,12.5,10.0,0
1610612744,0022500407,2025-12-22,GSW vs. ORL,1,0,1,2,112.9,118.2,45.7,46.4,28.4,28.8,9.7,10.0,4.1,3.8,44.6,46.3,1.8,4.4,40.1,41.8,15.7,17.2,16.2,18.0,1610612753,ORL @ GSW,0,0,1,0,120.3,116.0,44.7,46.4,27.5,28.6,8.9,7.2,5.2,5.6,47.1,46.3,4.3,-3.8,43.8,43.0,11.7,12.6,11.8,12.4,0
1610612744,0022500011,2025-12-25,GSW vs. DAL,1,0,2,3,112.7,117.6,45.7,45.6,28.3,30.0,9.3,9.4,4.3,4.6,45.0,46.6,2.1,2.6,40.3,42.2,15.1,16.8,15.3,15.8,1610612742,DAL @ GSW,0,0,1,0,117.1,121.4,43.7,48.4,26.9,26.6,7.5,6.6,6.0,7.0,48.7,49.9,-0.7,-3.4,44.3,46.4,13.2,15.0,11.2,7.6,0
1610612745,0022500330,2025-12-03,HOU vs. SAC,1,0,1,1,121.3,116.2,49.9,46.2,26.0,25.6,9.3,9.6,5.3,4.8,48.3,45.9,11.2,8.6,44.3,42.0,14.1,13.0,12.4,11.8,1610612758,SAC @ HOU,0,0,2,0,110.5,114.2,40.5,41.0,26.1,26.2,8.3,9.8,3.5,4.8,46.0,46.6,-13.8,-3.8,41.1,43.2,13.7,10.8,10.8,9.4,0
1610612745,0022500346,2025-12-05,HOU vs. PHX,1,0,1,2,120.1,118.6,50.5,50.4,25.5,26.2,9.3,10.0,5.3,6.0,48.0,47.6,11.7,14.4,44.2,43.4,14.1,13.4,11.9,10.0,1610612756,PHX @ HOU,0,0,3,0,116.5,112.0,43.1,40.4,24.9,22.8,11.4,11.4,3.7,3.2,47.6,46.8,6.0,-3.0,42.5,41.6,14.7,14.2,14.5,14.6,0
1610612745,0022501205,2025-12-11,HOU vs. LAC,1,0,4,1,119.3,120.2,48.5,47.0,25.1,25.6,9.5,9.4,5.1,7.4,48.6,51.9,9.8,10.4,44.6,44.8,14.4,16.4,11.4,9.2,1610612746,LAC @ HOU,0,0,4,0,112.7,110.4,41.5,43.6,22.7,23.0,8.1,8.8,4.3,3.0,46.1,46.3,-5.1,-2.0,39.5,39.8,13.7,13.4,12.1,9.8,0
1610612745,0022500438,2025-12-27,HOU vs. CLE,1,0,1,2,117.5,118.8,47.3,48.4,25.9,26.8,8.5,7.2,5.7,6.0,49.1,49.7,5.7,2.2,44.1,45.0,15.5,15.8,11.3,12.4,1610612739,CLE @ HOU,0,0,1,0,120.5,128.0,45.0,42.0,28.5,32.6,8.7,8.0,3.8,2.4,47.2,51.3,0.3,0.2,44.1,47.8,12.7,15.0,15.0,17.0,0
1610612745,0022500453,2025-12-29,HOU vs. IND,1,0,1,3,118.0,116.6,47.9,47.0,26.3,26.2,8.7,8.4,6.1,6.2,49.5,50.1,7.0,6.6,44.3,43.6,15.6,15.2,11.5,13.6,1610612754,IND @ HOU,0,0,1,0,109.0,107.2,41.6,39.6,23.8,25.2,7.2,6.0,5.8,3.8,45.6,44.2,-6.0,-17.6,39.9,39.2,13.3,15.6,12.3,11.8,0
1610612746,0022500079,2025-11-28,LAC vs. MEM,1,0,2,0,111.2,112.6,40.2,39.6,23.1,23.0,7.9,6.8,4.5,3.0,46.3,46.0,-8.1,-9.4,39.0,39.2,14.4,13.6,13.1,13.2,1610612763,MEM @ LAC,0,0,1,2,111.1,117.6,46.7,51.6,29.4,33.8,7.8,7.4,4.0,4.8,43.5,46.2,-4.3,6.4,39.9,44.8,13.9,12.0,13.3,14.0,0
1610612746,0022500300,2025-11-29,LAC vs. DAL,1,1,0,0,113.1,112.4,39.7,38.4,23.7,23.2,8.3,8.2,4.7,3.4,46.7,46.5,-7.2,-10.0,39.5,39.8,14.4,14.2,13.5,13.2,1610612742,DAL @ LAC,0,1,0,1,110.7,109.2,45.7,45.4,24.3,24.4,8.4,7.0,6.5,6.4,44.3,43.0,-5.7,-3.8,39.5,38.4,15.9,14.8,12.1,14.0,0
1610612746,0022501226,2025-12-15,LAC vs. MEM,1,0,3,0,113.5,111.0,40.5,40.0,23.1,23.0,8.7,10.8,4.0,2.8,46.5,47.0,-5.0,-1.6,39.7,40.2,14.0,12.8,12.3,11.2,1610612763,MEM @ LAC,0,0,2,1,113.4,117.2,49.1,48.8,29.9,28.8,7.2,7.8,4.9,5.2,45.5,49.5,-0.3,5.8,41.5,43.6,14.7,17.0,12.9,11.4,0
1610612746,0022500395,2025-12-20,LAC vs. LAL,1,0,1,1,110.5,104.2,41.0,37.6,23.2,22.8,8.0,8.8,3.7,3.8,46.4,47.2,-7.1,-10.6,38.9,37.6,14.8,17.4,11.9,12.0,1610612747,LAL @ LAC,0,0,1,0,120.0,119.0,43.1,46.4,24.6,23.8,7.4,7.0,4.4,5.4,49.9,47.3,2.0,-4.0,41.8,40.8,14.1,12.6,12.7,12.6,0
1610612746,0022500422,2025-12-23,LAC vs. HOU,1,0,2,2,109.5,105.2,41.3,39.8,23.1,22.8,8.3,8.2,3.7,4.6,46.1,46.9,-5.9,-5.8,38.7,37.4,15.0,17.4,12.0,12.4,1610612745,HOU @ LAC,0,0,1,0,117.7,121.4,48.7,49.8,25.4,28.0,8.3,7.4,5.4,5.4,48.1,48.4,6.4,1.4,43.6,44.8,15.5,17.0,11.3,13.8,0
1610612746,0022500445,2025-12-28,LAC vs. DET,1,0,1,4,112.0,110.8,39.8,40.4,23.7,23.8,8.3,6.2,3.7,4.8,47.7,48.5,-1.5,2.4,39.1,37.0,14.3,16.4,12.9,15.8,1610612765,DET @ LAC,0,0,1,0,119.5,120.2,48.0,50.8,26.7,30.6,9.7,11.6,6.3,7.8,47.3,46.4,6.0,7.8,43.5,46.2,15.3,14.0,10.8,10.2,0
1610612746,0022500461,2025-12-30,LAC vs. SAC,1,0,1,5,110.7,112.6,39.4,39.6,22.9,22.2,8.5,7.8,3.9,5.6,47.4,48.6,-1.6,8.6,38.3,36.6,14.4,14.8,12.6,16.0,1610612758,SAC @ LAC,0,0,1,0,111.3,111.8,43.2,47.2,24.8,25.8,10.4,12.2,5.5,5.2,45.6,44.3,-8.1,-6.2,41.7,40.8,13.8,13.8,9.9,10.8,0
1610612746,0022500475,2026-01-01,LAC vs. UTA,1,0,1,6,112.5,118.6,39.5,38.2,23.3,23.0,9.0,9.2,4.4,6.0,47.8,49.1,2.1,21.0,38.9,38.4,13.6,9.8,13.0,16.8,1610612762,UTA @ LAC,0,0,1,0,123.1,123.4,43.3,41.6,31.1,31.8,7.2,7.8,3.1,3.6,47.3,47.5,-5.8,-5.4,42.6,42.2,13.7,14.4,14.7,16.2,0
1610612747,0022500059,2025-11-25,LAL vs. LAC,1,0,1,5,117.8,115.4,41.5,44.0,26.0,24.8,9.6,10.2,3.5,2.8,50.4,49.2,3.5,5.0,41.7,40.2,15.6,16.6,11.1,11.0,1610612746,LAC @ LAL,0,0,1,0,110.9,112.6,41.3,42.6,23.2,22.8,8.2,6.2,4.9,4.0,46.5,45.0,-6.5,-6.6,39.1,38.4,14.9,13.4,13.1,13.4,0
1610612747,0022500078,2025-11-28,LAL vs. DAL,1,0,2,6,118.3,124.0,41.5,43.2,26.2,26.8,9.8,10.2,3.5,3.6,50.2,52.6,3.4,14.2,42.1,44.0,15.7,14.8,11.1,11.4,1610612742,DAL @ LAL,0,0,3,0,109.9,104.6,46.3,46.2,23.9,21.4,8.1,6.8,6.7,6.4,44.1,41.3,-4.9,-6.6,39.0,36.4,16.4,16.6,11.5,13.0,0
1610612747,0022500308,2025-11-30,LAL vs. NOP,1,0,1,7,118.4,126.2,40.7,41.0,26.3,26.6,9.5,8.4,3.6,3.4,50.9,54.0,3.6,13.4,42.5,44.2,15.5,14.2,11.8,13.0,1610612740,NOP @ LAL,0,1,0,0,111.6,116.0,43.3,47.0,24.0,24.8,9.5,10.0,3.9,5.2,45.3,45.1,-9.3,-4.0,40.9,42.4,14.5,12.8,11.6,10.8,0
1610612747,0022500317,2025-12-01,LAL vs. PHX,1,1,0,0,120.1,129.0,40.9,40.8,26.5,27.2,9.0,6.6,3.9,4.6,51.1,53.7,5.3,11.0,42.6,45.0,14.5,12.8,12.3,13.4,1610612756,PHX @ LAL,0,0,1,1,116.8,109.2,43.5,42.4,24.9,21.2,10.9,10.2,3.9,4.2,47.7,44.4,5.7,-4.6,42.1,39.8,15.3,13.2,14.7,14.0,0
1610612747,0022501204,2025-12-10,LAL vs. SAS,1,0,2,0,117.5,116.2,41.5,42.0,24.1,22.0,7.7,4.6,4.1,5.4,49.6,48.1,1.7,-3.8,41.1,40.2,14.3,12.8,12.7,13.6,1610612759,SAS @ LAL,0,0,1,2,120.3,120.8,44.1,41.2,26.7,24.4,7.9,7.2,4.3,3.2,48.3,47.9,2.0,-2.8,43.5,43.8,13.2,12.4,13.9,14.2,0
1610612747,0022500012,2025-12-25,LAL vs. HOU,1,0,1,0,119.1,114.8,42.7,45.2,24.0,23.4,6.9,7.6,4.5,4.8,49.5,46.4,0.4,-8.4,41.7,40.6,13.5,13.4,12.5,10.8,1610612745,HOU @ LAL,0,0,1,1,117.1,120.0,47.5,48.0,25.8,27.8,8.4,6.6,5.5,6.4,48.6,49.1,4.8,-3.0,43.7,44.8,15.4,16.0,11.4,13.2,0
1610612747,0022500446,2025-12-28,LAL vs. SAC,1,0,2,1,117.5,110.2,41.3,41.6,23.7,21.8,6.5,8.2,4.6,4.4,49.6,46.6,-2.7,-10.4,41.7,39.8,13.5,14.4,12.3,9.8,1610612758,SAC @ LAL,0,1,0,0,113.1,118.2,43.1,47.8,25.3,26.8,10.2,12.6,5.5,6.0,45.9,44.9,-6.2,-1.6,42.3,42.4,12.9,13.6,10.1,10.4,0
1610612747,0022500460,2025-12-30,LAL vs. DET,1,0,1,0,116.5,112.0,41.3,39.0,23.3,22.8,6.8,8.4,4.8,3.6,49.1,48.6,-2.1,-6.0,41.5,41.6,13.4,13.2,12.6,11.4,1610612765,DET @ LAL,0,0,1,1,117.9,117.2,48.0,47.4,26.3,29.0,9.8,11.2,6.5,8.2,46.8,47.0,4.8,5.6,43.0,43.6,15.1,14.6,10.7,10.4,0
1610612748,0022500286,2025-11-24,MIA vs. DAL,1,1,0,5,123.8,125.4,45.2,49.8,30.7,31.2,8.7,7.8,4.1,4.4,47.8,45.5,5.0,10.8,44.6,44.6,13.5,12.0,13.5,14.2,1610612742,DAL @ MIA,0,0,1,0,109.4,111.8,45.3,45.6,23.7,23.6,8.0,6.6,6.7,7.2,44.0,43.6,-5.1,-4.8,38.7,38.4,15.9,16.2,11.5,13.6,0
1610612748,0022500062,2025-11-26,MIA vs. MIL,1,0,1,6,123.2,120.2,45.4,51.2,30.5,29.6,8.7,8.6,4.5,4.8,47.8,45.2,4.7,13.2,44.9,44.2,13.3,12.4,13.0,11.4,1610612749,MIL @ MIA,0,0,1,0,115.3,106.8,38.6,37.8,26.7,25.4,7.7,8.0,4.5,3.8,49.1,45.2,-4.3,-14.0,42.8,39.4,13.8,14.6,15.5,15.8,0
1610612748,0022500296,2025-11-29,MIA vs. DET,1,0,2,0,120.7,118.4,46.1,52.6,30.4,30.2,8.8,9.4,4.8,5.2,47.2,45.4,3.1,13.4,44.0,43.0,13.5,12.8,12.3,10.6,1610612765,DET @ MIA,0,1,0,1,121.1,118.8,45.9,44.2,26.9,25.0,10.1,8.4,5.8,5.8,50.1,50.2,8.5,4.0,44.1,42.0,14.1,15.6,11.4,11.4,0
1610612748,0022500313,2025-12-01,MIA vs. LAC,1,0,1,1,122.9,123.4,45.9,49.8,30.3,29.6,9.2,9.8,4.9,5.2,47.7,47.3,3.3,10.0,44.3,44.0,13.7,13.4,12.3,10.8,1610612746,LAC @ MIA,0,0,1,0,112.0,114.2,40.3,39.0,23.5,24.2,7.9,7.8,4.7,3.4,46.3,47.7,-7.6,-5.2,38.9,40.0,14.8,13.6,13.0,11.8,0
1610612748,0022500354,2025-12-06,MIA vs. SAC,1,1,0,0,123.0,118.8,47.1,44.0,30.1,29.0,8.5,8.6,5.7,6.6,47.2,47.7,5.0,1.2,44.8,43.2,13.1,13.4,12.7,13.2,1610612758,SAC @ MIA,0,0,2,1,108.5,107.6,39.5,40.0,25.7,24.0,8.7,10.2,3.9,5.6,45.2,44.3,-15.1,-10.0,40.6,41.6,13.5,12.0,10.9,9.4,0
1610612748,0022501227,2025-12-15,MIA vs. TOR,1,0,5,0,120.1,114.4,46.8,43.0,28.8,26.8,7.6,7.0,5.6,6.6,46.6,47.2,1.8,-3.8,43.7,43.2,13.1,11.4,12.4,11.8,1610612761,TOR @ MIA,0,0,5,1,113.2,108.2,42.5,40.8,29.2,28.2,9.4,9.0,4.2,4.4,48.3,46.4,1.1,-9.8,42.7,41.6,14.5,15.4,10.6,11.0,0
1610612748,0022500414,2025-12-23,MIA vs. TOR,1,0,1,0,116.1,110.2,46.9,45.4,27.2,24.2,8.4,8.0,5.3,4.6,45.9,44.0,1.8,-5.5,42.1,39.8,12.9,12.8,12.0,12.4,1610612761,TOR @ MIA,0,0,1,1,107.1,99.0,42.7,40.6,28.7,29.0,8.5,7.0,4.3,5.0,45.8,43.9,-2.7,-6.2,40.5,38.2,14.9,15.0,11.6,13.2,0
1610612748,0022500436,2025-12-27,MIA vs. IND,1,1,0,2,113.7,112.8,46.1,47.0,26.0,24.6,8.6,9.2,4.8,2.6,45.8,43.9,-2.0,-3.0,41.9,40.8,13.1,13.0,11.5,12.8,1610612754,IND @ MIA,0,1,0,0,109.1,106.6,40.6,41.0,23.3,23.6,7.5,6.4,5.7,4.0,45.5,43.5,-4.6,-12.6,39.4,38.6,12.5,13.2,12.4,11.6,0
1610612748,0022500450,2025-12-29,MIA vs. DEN,1,0,1,3,114.7,120.0,45.5,46.6,26.1,26.6,9.3,10.8,5.0,2.0,46.0,45.0,-0.9,0.0,42.3,43.6,12.9,12.2,11.5,13.4,1610612743,DEN @ MIA,0,0,1,0,128.0,126.8,42.3,43.6,30.5,31.0,6.8,7.2,3.7,3.6,52.2,49.1,6.4,2.2,46.1,44.8,12.6,13.8,16.2,16.4,0
1610612749,0022500272,2025-11-22,MIL vs. DET,1,0,1,0,116.3,112.4,39.5,37.6,26.7,28.4,7.9,7.6,4.4,3.2,49.6,48.2,-2.6,-8.6,43.2,42.2,14.3,15.2,15.1,15.6,1610612765,DET @ MIL,0,0,3,12,118.9,124.4,46.9,47.0,26.9,29.2,10.3,11.8,6.1,5.8,48.3,50.0,6.7,9.0,43.6,46.2,14.3,14.6,11.1,12.4,0
1610612749,0022500288,2025-11-24,MIL vs. POR,1,0,1,0,115.9,115.6,38.5,37.8,26.9,28.4,7.9,8.0,4.5,3.4,49.5,49.3,-3.9,-9.0,42.9,42.8,14.1,16.4,15.5,17.2,1610612757,POR @ MIL,0,1,0,1,118.7,117.2,46.3,51.4,25.1,25.2,8.9,8.2,4.6,5.0,44.5,42.0,-4.3,-9.2,42.0,41.6,15.8,16.2,13.5,12.8,0
1610612749,0022500297,2025-11-29,MIL vs. BKN,1,1,0,1,113.3,109.0,39.3,39.6,26.9,27.2,7.9,8.2,4.1,3.8,48.6,47.7,-6.5,-9.2,42.0,40.6,14.0,14.0,15.5,15.8,1610612751,BKN @ MIL,0,1,0,0,107.5,104.8,40.0,41.0,24.1,23.8,6.5,6.4,4.3,4.2,43.6,43.4,-10.2,-8.2,36.6,35.6,14.1,14.6,13.1,13.2,0
1610612749,0022500331,2025-12-03,MIL vs. DET,1,0,1,1,112.8,111.4,39.1,39.8,27.3,27.4,8.3,8.8,4.1,3.2,48.5,49.1,-5.5,-2.0,41.9,41.0,13.9,13.8,15.6,16.4,1610612765,DET @ MIL,0,0,1,0,119.8,116.4,46.5,50.6,26.1,22.6,10.2,8.4,5.8,6.2,50.4,47.4,6.7,0.6,44.3,41.8,15.7,19.0,11.0,9.4,0
1610612749,0022500348,2025-12-05,MIL vs. PHI,1,0,1,0,113.7,113.4,39.1,40.0,27.5,28.6,8.4,8.0,4.2,3.4,48.9,50.0,-3.4,1.2,42.1,41.4,14.1,14.2,15.7,16.4,1610612755,PHI @ MIL,0,1,0,3,114.1,114.4,45.3,44.6,25.1,25.0,8.7,10.6,6.2,6.0,45.5,45.8,-2.5,-3.4,41.4,42.2,15.1,15.8,12.5,11.4,0
1610612749,0022501206,2025-12-11,MIL vs. BOS,1,0,4,1,111.8,113.6,38.6,38.2,27.3,27.6,8.3,8.6,3.9,4.0,48.1,49.2,-5.8,-1.8,40.8,40.4,14.4,14.2,15.6,15.4,1610612738,BOS @ MIL,0,0,3,0,119.6,126.6,44.7,41.8,25.6,25.4,7.8,9.2,5.8,5.8,49.1,52.6,8.3,16.4,44.2,46.6,11.5,12.0,16.5,18.2,0
1610612749,0022500374,2025-12-18,MIL vs. TOR,1,0,3,0,110.6,104.8,38.5,38.0,27.0,25.2,8.1,7.6,3.5,4.0,48.6,47.3,-7.2,-10.6,40.5,37.8,15.3,15.6,15.3,12.2,1610612761,TOR @ MIL,0,0,2,2,111.9,105.2,42.7,41.2,28.9,28.2,9.6,8.8,4.2,5.2,47.8,45.3,0.9,-8.4,42.3,40.4,14.9,15.6,10.9,12.0,0
1610612749,0022500469,2025-12-31,MIL vs. WAS,1,0,1,0,108.9,110.0,40.9,45.0,25.5,23.2,8.4,8.8,3.5,3.8,47.7,46.6,-3.0,2.4,39.4,39.4,14.7,14.2,14.1,13.2,1610612764,WAS @ MIL,0,0,1,1,113.4,115.4,45.0,47.0,24.9,23.0,6.7,6.2,6.5,8.2,46.5,46.7,-7.3,-3.4,41.8,42.8,13.5,11.6,12.3,11.4,0
1610612749,0022500481,2026-01-02,MIL vs. CHA,1,0,1,0,109.5,112.6,40.9,44.4,25.0,22.6,8.1,8.0,3.8,4.6,48.0,47.8,-2.9,2.8,39.5,40.6,14.9,14.0,14.2,13.8,1610612766,CHA @ MIL,0,0,1,0,116.3,123.2,44.1,46.4,27.7,30.0,7.7,6.4,5.1,3.8,45.8,47.2,-0.3,1.6,41.5,43.4,14.2,13.0,16.0,18.6,0
1610612750,0022500293,2025-11-29,MIN vs. BOS,1,0,2,1,119.8,114.0,44.2,49.0,26.5,23.8,9.4,11.4,5.2,4.4,48.4,43.6,6.3,4.2,42.5,39.6,14.7,14.8,14.1,13.8,1610612738,BOS @ MIN,0,0,2,0,116.1,118.8,45.5,44.6,25.9,25.6,7.9,6.8,5.1,5.4,46.5,48.9,6.6,4.2,43.1,43.2,10.5,11.0,15.7,16.2,0
1610612750,0022500306,2025-11-30,MIN vs. SAS,1,1,0,2,120.1,113.8,44.5,44.6,27.3,24.6,9.1,8.8,4.9,4.2,48.6,44.4,7.4,0.2,42.5,39.0,14.7,14.4,14.8,15.2,1610612759,SAS @ MIN,0,0,1,0,118.9,120.4,44.3,44.6,27.1,24.2,9.1,9.2,4.6,4.4,48.6,46.4,4.3,5.2,42.1,41.8,14.7,11.0,13.7,14.2,0
1610612750,0022500355,2025-12-06,MIN vs. LAC,1,0,1,5,122.6,124.6,44.5,41.4,27.3,30.0,8.7,4.8,5.1,4.6,48.0,48.5,7.2,5.0,43.3,43.4,14.4,13.6,15.2,18.0,1610612746,LAC @ MIN,0,1,0,0,112.5,110.6,40.9,44.4,23.4,23.6,7.9,9.8,4.4,3.4,46.5,45.4,-5.6,-2.4,39.6,39.4,13.8,14.0,12.2,10.4,0
1610612750,0022500365,2025-12-08,MIN vs. PHX,1,0,1,0,122.3,125.4,44.8,39.6,26.9,29.6,8.7,5.2,5.3,4.6,48.2,50.3,8.9,7.2,42.9,43.6,14.1,13.4,14.7,16.8,1610612756,PHX @ MIN,0,0,2,1,115.9,113.2,42.3,39.4,24.2,23.4,11.5,12.0,3.5,2.8,47.2,46.3,5.5,-2.4,42.4,42.8,14.5,12.6,14.1,13.0,0
1610612750,0022501220,2025-12-14,MIN vs. SAC,1,0,1,2,119.0,123.0,44.4,43.0,26.6,27.6,8.2,6.2,4.3,4.6,47.5,49.3,4.7,4.6,41.9,43.0,13.6,12.8,13.8,13.6,1610612758,SAC @ MIN,0,0,2,0,108.4,107.8,39.9,40.0,25.3,23.8,9.0,10.0,4.0,5.4,45.8,46.2,-13.3,-12.0,41.3,42.4,13.3,13.0,10.4,10.0,0
1610612750,0022500368,2025-12-17,MIN vs. MEM,1,0,2,0,118.8,116.6,44.8,44.4,26.6,26.8,8.5,7.2,4.3,4.8,47.4,48.5,5.2,6.0,41.9,41.2,13.7,13.2,13.9,12.0,1610612763,MEM @ MIN,0,0,1,2,114.8,118.4,47.9,44.8,30.1,29.8,7.7,9.0,5.0,5.2,46.4,49.5,1.8,7.8,42.1,43.6,14.5,14.6,12.9,12.8,0
1610612750,0022500385,2025-12-19,MIN vs. OKC,1,0,1,1,117.9,113.6,44.9,45.0,26.5,26.0,8.5,8.4,4.6,4.4,46.8,47.3,3.9,3.0,41.7,40.6,13.7,13.0,14.0,11.6,1610612760,OKC @ MIN,0,1,0,0,123.3,126.4,42.3,43.8,27.6,28.4,10.6,11.8,5.3,4.2,51.7,52.4,18.9,23.8,45.0,47.2,12.2,11.0,14.1,15.4,0
1610612750,0022500400,2025-12-21,MIN vs. MIL,1,0,1,2,117.9,114.2,46.0,49.4,26.3,25.4,8.5,8.8,4.5,4.6,46.2,44.8,4.9,3.4,41.2,40.4,13.7,13.0,14.2,12.0,1610612749,MIL @ MIN,0,0,2,0,107.8,103.2,38.5,37.6,26.2,24.6,8.1,8.4,3.5,3.2,47.3,46.5,-8.5,-12.6,39.4,37.4,14.9,15.8,14.9,12.6,0
1610612750,0022500416,2025-12-23,MIN vs. NYK,1,0,1,3,116.7,113.8,45.1,49.4,26.3,25.8,8.1,9.8,4.5,5.2,46.0,43.8,3.5,4.6,40.7,40.0,13.3,12.4,14.2,12.6,1610612752,NYK @ MIN,0,0,1,0,120.0,120.4,45.1,45.6,26.9,26.4,7.9,7.6,4.7,5.0,50.3,51.9,9.2,5.4,43.9,44.4,12.7,14.2,14.1,13.6,0
1610612750,0022500439,2025-12-27,MIN vs. BKN,1,0,1,0,118.1,115.6,45.3,48.8,27.0,26.0,7.7,10.2,5.3,7.8,46.3,42.7,3.3,1.8,41.5,40.4,13.1,13.0,14.3,13.4,1610612751,BKN @ MIN,0,0,3,3,108.3,108.6,42.1,44.4,26.6,27.2,7.6,8.8,4.8,4.4,45.3,45.3,1.3,9.8,37.9,38.4,15.7,16.2,14.7,15.6,0
1610612751,0022500285,2025-11-24,BKN vs. NYK,1,1,0,0,109.3,109.6,39.1,39.6,24.9,26.8,7.0,7.0,3.9,5.4,44.4,47.0,-9.7,0.0,37.7,38.2,14.3,12.8,13.7,13.2,1610612752,NYK @ BKN,0,0,1,1,120.8,118.8,46.3,44.2,27.3,26.0,8.1,7.8,4.4,5.2,46.3,46.9,4.7,-4.2,42.9,42.8,13.1,12.6,15.7,13.2,0
1610612751,0022500070,2025-11-28,BKN vs. PHI,1,0,3,0,107.7,110.0,39.5,41.6,24.2,26.0,6.7,6.2,3.9,4.8,43.5,46.1,-10.1,-1.2,36.6,37.2,13.7,13.8,13.3,14.0,1610612755,PHI @ BKN,0,0,2,1,116.9,113.0,44.9,44.8,25.7,26.0,7.5,8.2,6.7,5.8,46.2,45.4,-1.5,-9.8,41.8,40.6,14.8,15.8,13.2,13.2,0
1610612751,0022500312,2025-12-01,BKN vs. CHA,1,0,1,1,106.8,104.8,39.6,39.4,24.2,23.4,6.5,4.8,4.5,4.6,43.5,44.8,-9.5,-8.8,36.3,36.2,14.5,15.6,13.2,13.6,1610612766,CHA @ BKN,0,0,1,0,113.1,113.6,44.1,40.2,24.6,23.4,6.5,6.0,5.0,4.4,44.3,44.8,-5.6,-6.4,39.5,40.0,14.4,12.6,13.5,12.6,0
1610612751,0022500335,2025-12-04,BKN vs. UTA,1,1,0,0,107.6,106.2,39.2,40.2,25.5,25.2,7.1,7.2,4.7,4.2,43.9,43.6,-6.0,-3.8,36.4,36.8,14.3,15.4,14.4,15.8,1610612762,UTA @ BKN,0,0,2,2,117.9,117.0,44.7,44.8,30.5,31.2,7.9,7.4,3.7,4.2,45.5,46.5,-9.2,-6.0,41.6,42.6,15.8,14.0,13.3,12.0,0
1610612751,0022500350,2025-12-06,BKN vs. NOP,1,0,1,1,107.7,108.2,39.5,40.2,25.3,25.8,6.9,7.4,4.9,5.4,44.0,44.6,-5.8,-3.8,36.3,37.2,14.7,16.8,14.3,15.2,1610612740,NOP @ BKN,0,0,1,0,115.3,120.6,42.7,43.0,24.5,25.6,9.3,7.8,3.5,3.0,46.4,47.5,-9.5,-8.2,42.4,44.2,13.9,11.8,10.9,11.6,0
1610612751,0022501219,2025-12-14,BKN vs. MIL,1,0,1,1,108.4,113.8,40.3,43.4,25.9,29.4,6.9,8.4,5.3,6.0,44.9,46.9,-4.5,4.0,37.4,40.4,14.8,16.2,14.3,15.6,1610612749,MIL @ BKN,0,0,2,0,111.8,113.6,38.3,37.6,27.6,27.0,8.0,7.0,3.9,4.6,49.0,50.4,-4.9,-2.2,41.1,40.8,14.5,14.8,15.5,14.8,0
1610612751,0022500373,2025-12-18,BKN vs. MIA,1,0,3,0,110.3,116.0,40.7,43.4,26.7,29.4,7.5,9.2,5.1,6.2,45.8,48.5,0.9,10.4,38.2,40.8,14.4,16.6,14.7,16.0,1610612748,MIA @ BKN,0,0,2,1,117.2,105.6,46.1,42.0,28.0,24.0,8.1,8.0,5.7,6.0,46.3,45.0,1.0,-9.1,42.9,39.6,13.3,12.8,12.2,8.8,0
1610612751,0022500397,2025-12-21,BKN vs. TOR,1,0,2,1,109.4,112.4,41.5,44.8,26.7,28.2,7.5,8.2,5.2,6.0,45.7,46.5,0.8,6.2,38.6,40.8,14.4,15.0,14.5,14.4,1610612761,TOR @ BKN,0,1,0,0,109.7,105.4,42.2,41.2,29.4,28.8,8.9,6.8,4.1,4.6,46.9,46.3,-1.1,-4.8,41.3,40.4,14.8,14.4,11.7,13.0,0
1610612751,0022500449,2025-12-29,BKN vs. GSW,1,0,1,0,109.9,111.0,42.1,43.6,27.1,28.4,7.3,8.8,4.8,3.8,46.3,47.2,3.3,14.6,38.8,39.8,15.9,15.8,14.5,14.4,1610612744,GSW @ BKN,0,1,0,1,115.6,118.0,45.2,48.2,28.9,29.4,9.3,8.8,4.6,5.8,45.2,45.2,3.3,4.2,41.3,42.0,14.6,16.8,15.6,14.0,0
1610612751,0022500471,2026-01-01,BKN vs. HOU,1,0,2,0,109.5,107.0,41.7,41.8,26.5,26.2,7.7,8.0,4.7,4.0,45.8,45.6,1.9,3.0,38.3,38.0,16.0,16.2,14.9,14.2,1610612745,HOU @ BKN,0,0,2,4,118.8,118.8,48.5,47.6,25.9,25.6,8.1,8.0,6.3,5.8,50.1,51.8,6.0,5.2,44.7,45.6,15.7,14.6,11.3,11.8,0
1610612752,0022500074,2025-11-28,NYK vs. MIL,1,0,1,3,122.0,117.8,45.1,43.4,27.9,26.4,8.3,7.6,4.5,6.2,48.1,50.4,6.2,5.8,44.5,44.4,12.7,12.6,15.3,11.8,1610612749,MIL @ NYK,0,0,1,0,114.1,108.4,39.2,39.4,27.0,27.6,7.7,8.2,4.0,3.2,48.3,45.7,-5.2,-9.8,42.6,41.0,13.8,13.8,15.5,15.6,0
1610612752,0022500303,2025-11-30,NYK vs. TOR,1,0,1,4,122.7,118.8,44.6,42.6,28.1,26.8,8.4,8.2,4.5,5.2,48.5,50.3,7.3,8.0,44.5,43.4,12.5,12.0,15.3,12.8,1610612761,TOR @ NYK,0,1,0,0,117.9,115.4,45.1,46.2,29.7,29.2,8.8,9.6,4.5,3.2,49.0,47.3,10.1,9.2,43.2,42.0,12.8,13.2,11.4,10.6,0
1610612752,0022500328,2025-12-03,NYK vs. CHA,1,1,0,1,122.5,118.6,45.3,44.4,28.4,27.0,8.5,8.4,4.3,3.4,48.8,49.9,9.7,13.2,44.7,44.0,12.7,12.4,15.5,14.8,1610612766,CHA @ NYK,0,0,1,0,113.0,111.0,43.9,41.0,24.8,23.8,6.6,6.0,5.2,5.4,44.6,44.1,-5.3,-6.0,39.7,39.4,14.5,13.8,13.4,12.8,0
1610612752,0022500343,2025-12-05,NYK vs. UTA,1,0,1,2,121.9,119.8,45.1,44.6,28.2,27.0,8.7,9.0,4.4,3.4,49.0,49.2,9.9,13.6,44.7,43.4,12.5,12.6,15.0,14.8,1610612762,UTA @ NYK,0,1,0,0,119.2,120.4,44.7,43.6,30.7,32.0,7.9,7.4,3.5,4.0,46.2,48.1,-6.8,-3.0,42.0,43.0,15.9,13.6,13.7,12.2,0
1610612752,0022500357,2025-12-07,NYK vs. ORL,1,0,1,3,123.7,123.2,44.9,45.6,28.1,27.8,8.5,8.4,4.3,3.0,49.6,49.1,11.1,14.8,45.1,43.6,12.5,12.2,15.4,16.4,1610612753,ORL @ NYK,0,0,1,0,119.9,119.8,44.7,45.4,26.3,25.6,8.9,10.6,5.1,5.6,47.3,46.5,7.9,9.6,42.3,44.4,12.8,12.2,11.6,9.6,0
1610612752,0022500382,2025-12-19,NYK vs. PHI,1,1,0,0,120.9,123.0,45.5,46.6,27.0,26.4,8.3,9.0,4.9,5.6,49.8,51.8,9.7,13.8,44.2,45.2,12.3,12.8,14.2,14.4,1610612755,PHI @ NYK,0,0,4,1,113.1,111.0,46.6,49.4,24.6,23.2,8.7,8.2,5.6,5.2,43.9,41.7,-0.9,3.8,40.0,37.4,13.5,12.0,13.4,13.8,0
1610612752,0022500398,2025-12-21,NYK vs. MIA,1,0,1,1,118.7,115.2,45.9,48.8,26.6,25.6,7.9,7.8,5.0,5.8,49.6,49.4,8.6,5.2,43.6,42.8,12.9,14.0,13.3,11.8,1610612748,MIA @ NYK,0,0,1,0,115.5,107.4,46.6,44.6,27.4,23.6,8.4,8.0,5.5,5.2,45.7,44.2,2.4,-7.3,42.4,39.8,13.0,13.2,11.8,10.8,0
1610612752,0022500009,2025-12-25,NYK vs. CLE,1,0,1,1,119.4,117.8,45.5,47.0,26.5,26.6,7.9,7.4,4.2,4.0,50.1,49.7,8.3,0.0,43.9,44.2,13.4,15.4,14.0,12.6,1610612739,CLE @ NYK,0,0,1,0,120.2,125.4,45.5,42.2,28.3,32.0,8.6,8.6,4.3,3.0,46.9,48.9,1.1,-1.0,43.9,46.4,12.7,15.0,14.9,16.4,0
1610612752,0022500479,2026-01-02,NYK vs. ATL,1,0,1,0,121.7,124.0,46.6,47.0,27.5,28.4,7.9,8.2,4.1,3.2,48.8,46.0,6.3,-0.6,44.1,44.0,12.9,12.4,15.7,17.8,1610612737,ATL @ NYK,0,0,1,2,121.3,122.8,42.1,40.8,31.9,33.4,8.8,8.2,4.1,4.0,47.3,48.5,-4.7,-1.6,44.5,45.6,14.5,13.4,15.4,16.8,0
1610612753,0022500314,2025-12-01,ORL vs. CHI,1,0,2,3,121.0,129.4,44.4,44.4,27.1,29.0,9.1,9.0,5.2,4.2,47.9,49.0,9.8,15.0,42.3,46.6,13.3,10.8,12.2,13.0,1610612741,CHI @ ORL,0,0,1,0,120.0,115.0,45.6,43.0,29.1,27.2,7.5,5.4,5.5,5.0,46.9,45.5,-6.2,-11.4,43.1,41.4,13.9,13.6,14.9,13.2,0
1610612753,0022500326,2025-12-03,ORL vs. SAS,1,0,1,0,121.1,128.6,44.9,43.4,26.8,27.6,9.3,9.0,5.5,5.6,47.8,49.6,9.1,10.4,42.3,46.6,13.6,12.2,11.7,11.2,1610612759,SAS @ ORL,0,1,0,2,119.5,118.8,43.1,43.0,26.4,21.8,8.8,8.6,4.4,4.6,48.3,45.8,2.3,0.2,42.7,41.0,13.7,10.4,13.6,12.8,0
1610612753,0022500339,2025-12-05,ORL vs. MIA,1,0,1,1,120.3,124.4,44.6,45.8,26.5,27.4,9.1,10.2,5.0,5.8,47.5,47.7,6.9,7.6,42.2,46.2,13.3,11.6,11.5,10.4,1610612748,MIA @ ORL,0,0,1,0,123.5,119.0,46.7,45.8,30.3,28.8,9.1,9.4,5.5,6.4,46.8,46.6,4.4,2.2,44.7,43.6,13.1,13.0,13.2,12.8,0
1610612753,0022501201,2025-12-09,ORL vs. MIA,1,0,1,1,118.3,111.0,44.9,45.6,26.0,22.6,8.8,10.0,4.9,5.6,46.5,43.5,6.7,0.2,42.0,40.8,12.5,12.2,11.3,9.4,1610612748,MIA @ ORL,0,0,2,0,122.0,119.8,47.3,42.8,29.6,27.2,8.2,7.8,5.5,6.0,47.0,48.2,2.7,-2.6,44.1,43.6,13.5,13.2,12.5,13.0,0
1610612753,0022500424,2025-12-26,ORL vs. CHA,1,0,2,0,118.5,114.0,45.1,44.6,27.4,27.4,8.5,8.4,5.1,5.6,46.6,45.5,2.7,-8.2,43.3,41.6,12.4,13.6,11.9,11.4,1610612766,CHA @ ORL,0,0,2,2,114.3,119.2,42.7,45.6,26.3,30.4,7.3,9.0,4.9,5.2,45.3,44.7,-3.2,-0.2,40.5,41.6,14.2,15.2,15.1,19.0,0
1610612753,0022500433,2025-12-27,ORL vs. DEN,1,1,0,1,116.9,111.0,44.5,44.8,26.7,26.2,8.1,8.0,5.3,6.4,46.1,44.2,-0.1,-8.8,42.7,40.0,12.3,12.6,11.5,11.0,1610612743,DEN @ ORL,0,0,1,0,127.8,126.8,41.5,41.8,30.5,31.8,6.5,7.6,3.7,3.6,52.0,50.0,6.1,4.6,46.2,45.8,12.4,13.2,16.4,17.4,0
1610612754,0022500283,2025-11-24,IND vs. DET,1,0,2,0,108.4,111.4,45.5,42.0,23.8,23.6,6.5,6.4,5.0,5.0,41.1,43.3,-13.3,-14.0,37.7,37.4,13.7,15.0,11.5,11.6,1610612765,DET @ IND,0,0,1,13,120.1,122.8,45.9,40.8,27.0,30.0,10.5,10.6,5.9,6.0,49.6,54.3,7.9,11.2,44.0,46.6,14.5,14.6,11.7,13.0,0
1610612754,0022500073,2025-11-28,IND vs. WAS,1,0,1,1,108.3,112.0,44.2,40.4,23.3,23.6,7.1,8.2,5.1,6.0,41.7,46.1,-11.8,-4.8,37.6,38.4,13.9,15.8,11.2,12.0,1610612764,WAS @ IND,0,0,2,0,113.5,115.4,42.0,39.2,26.1,27.0,7.1,8.8,5.6,5.0,46.6,48.2,-15.8,-9.2,41.8,42.2,16.6,14.2,13.6,14.6,0
1610612754,0022500295,2025-11-29,IND vs. CHI,1,1,0,2,109.3,113.4,44.1,41.8,23.8,25.2,7.2,8.4,5.1,6.6,42.8,48.2,-9.5,4.8,38.3,41.0,13.8,13.8,11.2,12.8,1610612741,CHI @ IND,0,1,0,0,121.7,119.2,45.7,41.6,29.8,29.6,7.6,6.4,5.5,6.2,47.5,46.2,-5.2,-10.8,43.7,42.8,14.1,14.2,14.9,14.6,0
1610612754,0022500310,2025-12-01,IND vs. CLE,1,0,1,0,108.9,108.6,43.7,42.0,23.9,23.6,7.3,9.0,5.6,7.0,43.5,46.6,-8.0,3.4,38.7,40.0,13.8,13.2,11.2,12.2,1610612739,CLE @ IND,0,1,0,1,120.9,115.4,44.9,44.2,28.1,28.0,8.7,8.4,5.7,4.4,46.6,46.7,4.9,1.2,43.4,42.2,13.1,13.6,16.1,16.2,0
1610612754,0022500325,2025-12-03,IND vs. DEN,1,0,1,0,109.3,110.6,43.0,40.6,23.5,22.4,7.2,8.0,5.8,7.0,43.8,47.8,-9.4,2.4,38.8,40.8,13.9,13.6,11.2,12.0,1610612743,DEN @ IND,0,0,1,1,124.8,127.0,45.4,43.0,30.1,32.0,6.6,3.6,4.0,4.2,50.8,51.5,7.6,2.0,44.9,46.0,12.7,13.2,13.9,17.2,0
1610612754,0022500364,2025-12-08,IND vs. SAC,1,0,2,2,110.7,116.2,41.1,40.6,23.2,23.6,7.5,8.2,6.1,7.4,45.1,50.4,-8.7,3.8,39.3,43.4,13.8,12.4,11.9,13.4,1610612758,SAC @ IND,0,0,1,0,108.9,109.6,39.4,39.2,25.5,23.4,8.9,10.6,3.9,6.0,45.4,46.2,-14.4,-7.8,41.1,43.0,13.1,11.6,11.1,10.8,0
1610612754,0022501216,2025-12-14,IND vs. WAS,1,0,1,0,113.3,116.0,40.5,39.2,23.9,23.6,7.8,8.8,6.0,6.0,46.1,47.4,-5.4,-3.0,40.0,40.8,13.1,11.8,12.4,13.6,1610612764,WAS @ IND,0,0,1,1,113.6,114.8,41.0,41.2,25.6,26.2,7.3,6.2,5.8,6.0,46.6,46.7,-14.9,-16.0,41.3,41.2,15.8,15.8,13.4,13.0,0
1610612754,0022500372,2025-12-18,IND vs. NYK,1,0,3,0,110.7,110.0,40.9,40.2,23.3,23.8,7.5,8.2,6.1,6.2,45.4,45.1,-5.1,-3.6,39.0,38.8,13.1,10.6,12.4,13.6,1610612752,NYK @ IND,0,0,4,6,120.5,124.0,44.9,46.2,26.3,25.8,8.3,8.8,4.8,5.8,49.6,52.0,8.5,16.6,43.9,45.0,12.1,11.4,13.8,13.4,0
1610612754,0022500413,2025-12-23,IND vs. MIL,1,1,0,0,110.4,102.2,41.3,43.4,23.8,23.0,7.7,5.4,6.3,5.0,45.9,40.8,-2.4,-11.4,39.8,37.0,12.5,11.0,12.5,11.0,1610612749,MIL @ IND,0,0,1,1,108.1,103.0,39.3,40.4,26.7,24.8,8.1,8.0,3.3,3.0,47.3,45.4,-7.1,-10.2,39.6,37.4,14.8,15.8,14.8,13.0,0
1610612754,0022500426,2025-12-26,IND vs. BOS,1,0,2,0,108.2,100.0,41.1,42.2,23.0,21.8,7.8,5.6,5.9,4.8,45.0,41.0,-4.1,-12.8,38.9,36.0,12.3,12.0,11.9,10.0,1610612738,BOS @ IND,0,0,3,4,118.1,110.0,43.5,45.2,23.5,20.0,7.9,7.0,5.4,4.8,49.1,45.5,7.4,3.0,43.1,39.6,12.0,12.2,16.0,13.6,0
1610612754,0022500464,2025-12-31,IND vs. ORL,1,0,1,0,110.6,109.2,40.7,37.0,24.5,25.6,7.5,7.0,5.5,3.4,46.0,45.7,-6.3,-15.2,40.5,40.0,12.7,14.6,12.8,13.8,1610612753,ORL @ IND,0,0,1,1,114.9,109.0,44.9,43.0,26.5,25.2,8.4,7.4,5.2,4.4,45.4,43.4,-0.3,-6.8,42.0,38.6,11.9,11.0,10.8,10.4,0
1610612754,0022500476,2026-01-02,IND vs. SAS,1,0,1,0,110.0,112.2,39.9,37.6,24.1,26.2,7.6,8.2,5.2,3.4,45.4,46.6,-8.7,-14.0,39.7,40.6,13.1,15.4,12.7,13.6,1610612759,SAS @ IND,0,0,1,2,120.8,119.2,47.1,45.8,25.6,26.0,7.1,6.6,4.1,3.8,47.8,48.4,5.1,2.4,43.3,42.4,12.6,12.2,13.3,11.6,0
1610612755,0022500275,2025-11-23,PHI vs. MIA,1,0,2,0,118.4,110.4,44.5,45.8,25.9,24.6,7.5,7.6,6.4,5.2,46.4,44.6,2.3,-1.0,41.7,39.4,14.4,13.6,13.9,14.2,1610612748,MIA @ PHI,0,0,1,4,125.1,123.2,45.1,47.0,30.9,30.6,9.2,7.6,4.2,5.2,48.2,45.3,6.5,6.0,45.1,44.0,13.9,13.6,14.1,15.0,0
1610612755,0022500058,2025-11-25,PHI vs. ORL,1,0,1,0,118.4,113.4,45.0,46.4,26.2,25.4,7.7,8.6,6.7,5.8,46.3,45.0,1.5,-3.4,42.1,41.0,14.4,14.6,13.8,14.2,1610612753,ORL @ PHI,0,0,1,1,119.9,125.0,44.1,42.4,26.9,28.4,8.1,9.0,5.3,4.4,48.3,48.5,4.8,7.0,41.6,44.0,13.7,10.4,12.3,13.4,0
1610612755,0022500304,2025-11-30,PHI vs. ATL,1,0,1,0,115.5,114.0,45.0,43.8,25.9,26.4,8.0,9.2,6.5,6.4,46.1,45.9,-1.5,-7.8,41.5,41.4,15.1,16.2,13.0,13.2,1610612737,ATL @ PHI,0,0,1,2,119.1,119.4,41.6,40.0,31.7,31.8,9.6,6.8,5.6,5.8,50.1,50.1,4.9,-0.2,43.9,45.4,14.4,12.0,14.4,15.8,0
1610612755,0022500318,2025-12-02,PHI vs. WAS,1,0,1,1,115.2,118.4,44.4,44.8,25.9,26.8,8.5,9.8,6.2,6.4,46.0,45.2,-2.3,-7.6,41.5,42.4,15.4,15.6,12.5,12.4,1610612764,WAS @ PHI,0,1,0,0,111.3,115.4,41.5,40.6,25.4,27.2,7.1,9.2,5.7,5.4,46.5,47.9,-15.7,-8.4,41.4,43.4,16.4,14.2,13.1,13.4,0
1610612755,0022500333,2025-12-04,PHI vs. GSW,1,0,1,2,116.1,118.0,45.1,44.6,25.9,26.0,8.9,10.4,6.1,6.4,45.9,45.6,-1.0,-5.6,42.1,43.2,14.9,14.8,12.8,12.2,1610612744,GSW @ PHI,0,0,1,0,112.9,114.6,43.6,43.8,27.5,29.2,9.9,8.6,4.5,3.8,44.4,45.2,-0.3,1.0,39.3,41.4,15.1,12.6,15.9,15.6,0
1610612755,0022500362,2025-12-07,PHI vs. LAL,1,0,1,0,114.4,117.0,45.5,45.4,25.3,25.6,8.7,11.6,5.5,5.4,45.7,45.8,-1.4,7.8,41.3,42.6,14.9,14.0,12.9,13.0,1610612747,LAL @ PHI,0,0,1,1,118.3,119.6,40.3,38.4,24.3,22.4,8.2,4.8,3.9,4.6,50.3,50.3,1.9,-2.6,41.7,41.0,14.7,13.6,12.4,14.6,0
1610612755,0022501211,2025-12-12,PHI vs. IND,1,0,4,1,113.5,115.6,46.2,48.0,25.0,24.2,8.5,10.2,5.7,4.8,44.7,43.1,-0.9,4.6,40.8,41.2,14.1,13.0,12.9,13.4,1610612754,IND @ PHI,0,0,3,0,111.8,115.6,41.0,38.8,23.5,23.2,7.9,9.2,6.1,7.2,45.7,48.7,-6.8,-0.6,39.6,41.4,13.9,12.8,12.3,13.6,0
1610612755,0022500387,2025-12-20,PHI vs. DAL,1,1,0,2,114.1,114.4,46.1,47.2,24.4,22.8,9.1,8.0,5.7,5.4,44.1,41.6,-0.5,5.4,40.3,37.6,13.5,10.2,13.6,15.2,1610612742,DAL @ PHI,0,0,1,0,116.3,120.2,43.9,42.2,25.7,25.8,7.3,7.0,6.3,7.2,47.1,50.1,-1.3,-1.0,42.5,44.8,13.7,13.6,12.3,9.4,0
1610612755,0022500410,2025-12-23,PHI vs. BKN,1,0,2,0,115.1,115.4,46.1,48.2,24.9,23.2,9.2,7.8,5.6,5.6,44.1,41.2,0.6,3.8,40.6,38.6,13.1,9.4,13.5,14.2,1610612751,BKN @ PHI,0,0,1,2,109.3,109.6,42.5,45.6,27.1,29.6,7.3,8.4,5.2,5.4,46.0,47.3,2.3,11.8,38.4,40.8,15.5,15.8,14.7,15.0,0
1610612756,0022500053,2025-11-21,PHX vs. MIN,1,0,2,2,119.3,125.2,43.6,45.0,26.9,25.2,10.6,11.8,4.6,4.6,47.6,50.1,5.3,16.4,42.8,45.2,15.5,14.6,15.5,14.0,1610612750,MIN @ PHX,0,0,1,0,120.6,119.2,44.0,48.4,26.5,26.2,8.9,10.8,5.5,4.8,49.4,46.5,6.5,9.0,43.1,42.2,14.4,13.0,13.8,11.8,0
1610612756,0022500281,2025-11-23,PHX vs. SAS,1,0,1,3,118.9,123.8,43.2,45.4,27.1,24.4,11.0,12.0,4.3,3.6,47.7,49.7,5.1,12.0,42.4,45.2,16.3,16.4,15.7,13.0,1610612759,SAS @ PHX,0,0,2,0,119.3,119.4,45.1,44.6,27.4,30.6,8.9,8.0,5.2,4.0,50.0,50.0,7.1,5.2,43.1,44.4,15.2,14.6,13.3,15.0,0
1610612756,0022500299,2025-11-29,PHX vs. DEN,1,1,0,0,117.2,109.6,44.3,45.0,25.3,21.6,10.8,10.6,4.2,4.2,47.9,45.1,8.3,-0.8,42.3,39.8,15.5,17.2,14.9,14.0,1610612743,DEN @ PHX,0,1,0,1,123.3,124.2,46.4,41.4,29.1,30.0,6.9,5.4,4.1,3.8,50.5,52.0,9.2,2.4,44.5,45.0,13.1,15.4,13.0,14.8,0
1610612756,0022501228,2025-12-14,PHX vs. LAL,1,0,3,0,113.7,106.4,41.9,35.8,23.7,24.4,11.4,11.8,3.5,1.8,46.7,44.9,0.8,-13.2,41.9,40.8,14.6,12.0,13.2,11.6,1610612747,LAL @ PHX,0,0,3,1,117.6,113.4,41.9,41.4,24.3,22.2,7.4,4.6,4.2,4.8,49.9,48.4,0.7,-8.8,41.5,40.4,14.2,13.4,13.1,13.8,0
1610612756,0022500378,2025-12-18,PHX vs. GSW,1,0,3,1,113.3,106.8,41.5,36.8,23.7,25.6,11.3,11.8,3.4,2.4,46.6,45.8,-0.9,-10.0,42.0,41.0,14.7,14.4,12.8,11.4,1610612744,GSW @ PHX,0,0,3,0,114.1,114.2,44.1,43.6,27.9,28.0,10.0,10.4,4.2,4.2,44.6,45.3,2.1,4.8,39.9,40.4,14.9,14.4,16.8,17.2,0
1610612756,0022500418,2025-12-23,PHX vs. LAL,1,0,2,1,110.5,105.2,41.1,40.0,23.2,24.2,11.9,11.8,3.6,4.2,45.6,44.5,-3.9,-10.0,41.0,38.4,15.1,15.4,12.5,11.4,1610612747,LAL @ PHX,0,0,2,0,119.7,115.6,43.2,48.0,24.4,24.0,7.3,6.8,4.6,5.6,49.8,46.4,2.9,-2.8,42.0,41.0,13.5,12.0,12.3,11.0,0
1610612756,0022500483,2026-01-02,PHX vs. SAC,1,0,1,0,112.7,119.6,43.0,49.6,24.9,27.0,10.7,8.4,3.7,4.2,45.8,46.7,-1.6,7.6,41.9,44.4,13.9,13.8,13.1,14.8,1610612758,SAC @ PHX,0,1,0,0,109.9,107.4,41.9,40.4,24.8,25.8,9.7,9.4,5.6,5.0,45.5,45.1,-11.3,-16.4,41.2,40.2,13.5,14.0,10.1,11.4,0
1610612757,0022500067,2025-11-26,POR vs. SAS,1,0,1,0,119.2,113.6,46.7,50.4,25.1,24.8,8.6,8.2,5.0,5.6,45.0,42.9,-3.1,-5.8,42.1,39.6,15.7,16.8,13.9,13.6,1610612759,SAS @ POR,0,0,2,1,117.8,115.8,45.1,44.8,26.9,28.0,8.5,7.8,5.1,4.2,49.0,48.5,4.3,4.4,41.9,41.6,15.5,14.4,13.5,14.2,0
1610612757,0022500305,2025-11-30,POR vs. OKC,1,0,3,0,117.9,112.0,46.7,51.4,24.9,24.2,8.0,7.4,5.0,6.2,44.8,42.8,-4.9,-5.0,41.5,38.6,15.7,16.6,13.6,13.4,1610612760,OKC @ POR,0,0,1,12,123.5,123.0,43.2,39.2,27.3,27.4,11.0,10.0,5.5,5.6,50.0,51.3,18.7,17.0,43.7,43.4,11.9,12.0,14.5,14.0,0
1610612757,0022501221,2025-12-14,POR vs. GSW,1,0,2,1,115.4,114.4,47.1,44.4,23.8,24.0,6.6,6.0,5.7,6.2,44.1,43.8,-7.6,-8.6,39.9,38.4,16.2,16.6,13.5,14.0,1610612744,GSW @ POR,0,0,1,0,112.1,110.4,43.8,45.0,27.1,27.2,10.1,8.6,4.1,3.6,44.2,44.2,0.8,3.4,39.2,40.2,15.1,13.8,16.1,16.0,0
1610612757,0022500380,2025-12-18,POR vs. SAC,1,0,3,2,116.1,118.0,47.4,45.2,24.1,25.4,7.0,6.8,5.6,5.6,43.6,44.1,-7.8,-7.0,39.7,39.2,16.5,17.0,14.0,15.0,1610612758,SAC @ POR,0,0,3,0,108.1,107.0,40.0,40.4,24.7,23.0,9.1,8.2,4.4,5.8,45.7,46.2,-13.3,-13.2,41.0,41.2,13.7,14.4,10.4,10.4,0
1610612757,0022500408,2025-12-22,POR vs. DET,1,0,1,0,115.0,116.8,46.9,42.8,24.3,25.2,7.4,8.4,5.7,5.0,43.8,45.1,-5.5,-7.0,39.4,41.4,17.0,19.2,13.9,15.0,1610612765,DET @ POR,0,0,1,2,119.5,120.8,46.9,51.0,25.7,27.0,9.7,11.4,5.9,5.4,48.8,47.4,7.4,14.0,43.5,45.0,15.4,13.4,10.5,10.4,0
1610612757,0022500420,2025-12-23,POR vs. ORL,1,1,0,0,114.5,118.0,46.6,42.4,24.1,25.2,7.3,8.0,5.7,5.2,43.9,46.0,-4.9,-4.0,38.8,41.4,16.9,17.8,13.7,13.4,1610612753,ORL @ POR,0,1,0,1,119.2,115.4,45.4,46.4,27.5,28.2,8.7,7.4,4.9,5.8,47.1,46.9,3.0,-7.2,43.7,43.0,12.4,14.0,11.5,11.4,0
1610612757,0022500431,2025-12-26,POR vs. LAC,1,0,2,0,113.5,115.2,45.3,43.2,23.9,24.4,7.3,8.8,5.9,5.2,44.3,46.6,-5.1,-0.2,38.6,40.6,17.1,18.2,13.5,12.4,1610612746,LAC @ POR,0,0,2,3,110.8,109.6,40.5,39.6,23.6,24.6,8.3,8.0,3.7,4.8,47.1,48.4,-4.4,-1.2,39.1,37.8,14.9,17.0,12.5,14.6,0
1610612757,0022500444,2025-12-28,POR vs. BOS,1,0,1,1,111.9,108.6,44.7,43.2,23.3,23.0,7.1,7.8,5.7,4.8,44.1,45.5,-6.4,-4.4,38.2,38.8,16.7,17.8,13.5,11.6,1610612738,BOS @ POR,0,0,1,0,119.9,117.8,43.1,46.0,23.6,21.6,8.1,7.2,5.3,5.2,49.6,49.1,7.7,9.6,43.7,42.2,11.5,12.0,16.1,14.8,0
1610612757,0022500457,2025-12-29,POR vs. DAL,1,1,0,2,113.1,104.6,44.9,44.0,23.9,22.2,7.1,8.0,5.5,4.0,44.8,45.4,-4.2,-3.4,38.7,37.4,17.0,18.0,13.9,12.2,1610612742,DAL @ POR,0,0,1,0,117.7,116.2,43.9,45.8,26.3,25.6,7.3,6.8,5.7,5.4,49.7,51.3,-1.5,-5.6,45.2,46.6,13.2,14.8,10.5,8.2,0
1610612758,0022500292,2025-11-24,SAC vs. MIN,1,0,1,2,112.2,108.6,39.7,39.0,26.6,26.8,8.4,9.4,2.7,3.0,46.7,46.9,-13.8,-15.4,41.1,41.0,13.9,13.4,11.3,10.6,1610612750,MIN @ SAC,0,0,2,0,120.3,117.8,43.5,47.4,26.3,24.8,9.4,12.6,5.1,4.6,49.1,46.2,6.2,7.4,42.9,41.6,14.4,14.8,13.6,12.2,0
1610612758,0022500068,2025-11-26,SAC vs. PHX,1,0,1,0,112.0,110.0,40.3,40.0,26.6,25.8,8.1,8.8,2.7,2.8,46.6,46.7,-13.0,-11.6,40.9,41.2,13.7,12.8,10.6,9.6,1610612756,PHX @ SAC,0,0,1,1,118.3,113.2,43.7,44.0,26.5,22.0,11.0,12.0,4.4,3.8,47.8,46.0,7.5,0.6,42.5,41.8,15.6,17.2,15.3,13.0,0
1610612758,0022500307,2025-11-30,SAC vs. MEM,1,0,1,0,112.3,112.0,40.8,40.6,26.5,26.0,7.9,8.0,3.1,4.4,46.4,46.7,-13.1,-10.4,41.2,42.0,13.7,12.4,10.9,10.0,1610612763,MEM @ SAC,0,0,1,3,110.9,119.8,47.5,50.4,28.9,32.6,7.3,7.2,4.2,5.2,43.3,47.0,-4.1,9.4,39.5,44.2,13.7,12.2,13.5,15.0,0
1610612758,0022501208,2025-12-11,SAC vs. DEN,1,0,2,0,109.2,110.6,40.3,41.2,25.6,25.0,8.9,10.0,3.9,5.6,45.8,46.2,-13.1,-7.6,41.3,43.2,13.3,11.6,10.5,9.8,1610612743,DEN @ SAC,0,0,3,4,125.0,127.0,43.6,40.4,28.7,30.6,6.3,6.0,4.0,4.6,51.7,53.8,6.5,6.6,44.9,46.0,12.7,11.0,14.4,16.0,0
1610612758,0022500394,2025-12-20,SAC vs. POR,1,0,1,0,110.3,114.6,40.5,42.4,25.1,24.6,9.5,8.8,4.8,5.8,46.5,48.2,-11.2,-8.2,41.8,42.8,13.7,15.6,9.9,9.6,1610612757,POR @ SAC,0,0,1,3,117.3,120.4,47.4,43.2,24.9,26.0,7.1,7.2,5.9,6.0,43.6,44.9,-6.1,-9.2,40.1,41.6,16.4,18.6,14.1,15.2,0
1610612758,0022500401,2025-12-21,SAC vs. HOU,1,1,0,1,109.1,107.8,40.9,43.4,24.2,23.4,9.6,9.4,4.9,6.0,46.0,45.2,-10.6,-12.4,41.3,39.6,13.7,16.6,9.5,8.0,1610612745,HOU @ SAC,0,1,0,0,118.8,118.4,48.8,47.8,25.1,26.2,8.8,7.2,5.7,6.2,48.2,48.9,8.1,-1.0,44.1,44.6,14.9,17.8,11.4,12.6,0
1610612758,0022500421,2025-12-23,SAC vs. DET,1,0,1,0,110.1,111.8,42.1,44.2,24.5,23.6,9.5,9.8,5.1,6.2,46.0,45.2,-9.7,-10.0,41.5,40.2,13.6,15.0,9.5,9.0,1610612765,DET @ SAC,0,1,0,3,118.4,118.0,47.2,50.0,25.6,26.4,9.9,12.6,5.8,6.0,48.1,46.1,6.9,13.2,43.2,45.2,14.9,12.0,10.4,8.8,0
1610612758,0022500432,2025-12-27,SAC vs. DAL,1,0,3,1,112.0,116.2,41.9,45.0,24.8,24.6,9.5,10.4,5.4,6.4,46.1,45.3,-9.3,-5.6,41.7,40.8,13.3,14.4,9.7,9.0,1610612742,DAL @ SAC,0,0,1,0,117.0,118.0,43.3,45.8,26.1,25.4,7.2,6.4,5.7,6.8,49.2,51.1,-1.5,-4.0,44.9,46.6,12.6,14.4,10.4,6.6,0
1610612758,0022500474,2026-01-01,SAC vs. BOS,1,0,1,0,109.5,111.2,42.5,45.0,24.2,25.8,9.9,9.6,5.9,5.6,45.4,44.9,-11.2,-13.4,41.2,41.0,14.2,14.4,10.1,11.4,1610612738,BOS @ SAC,0,0,1,2,119.5,118.4,43.2,46.0,23.1,22.6,8.6,8.4,5.6,5.4,48.8,48.1,7.9,9.2,43.3,43.4,12.1,12.0,16.1,13.8,0
1610612759,0022500322,2025-12-02,SAS vs. MEM,1,0,1,1,118.3,120.6,43.6,43.6,26.3,23.0,9.0,9.2,4.5,4.0,48.2,47.2,2.3,0.6,42.4,42.2,14.0,11.2,13.3,12.6,1610612763,MEM @ SAS,0,0,1,0,111.1,115.4,48.2,51.0,28.9,29.8,7.0,5.8,4.7,6.0,43.8,47.3,-3.2,2.8,39.8,43.2,14.5,15.4,13.1,13.4,0
1610612759,0022500370,2025-12-18,SAS vs. WAS,1,0,4,4,120.0,121.8,44.9,47.0,25.7,24.6,8.0,7.4,4.0,3.4,47.4,46.5,2.3,1.4,42.7,42.6,13.3,15.0,14.3,15.0,1610612764,WAS @ SAS,0,0,3,0,113.1,110.6,41.8,44.2,24.7,24.2,7.3,5.4,5.5,5.8,46.7,45.5,-11.4,-12.8,41.3,38.8,15.2,16.0,13.1,12.4,0
1610612759,0022500417,2025-12-23,SAS vs. OKC,1,0,1,7,121.2,122.4,46.7,54.4,25.0,26.4,8.0,7.6,4.3,5.4,47.1,47.1,6.1,15.8,43.1,43.6,12.2,13.2,14.2,14.2,1610612760,OKC @ SAS,0,1,0,0,123.1,119.0,42.7,46.0,26.4,23.2,10.5,13.2,5.5,5.8,50.7,46.8,16.8,15.8,44.4,43.6,12.1,12.0,14.3,14.0,0
1610612759,0022500440,2025-12-27,SAS vs. UTA,1,0,1,0,121.3,123.2,46.9,50.6,24.8,28.0,7.5,6.6,4.3,5.0,47.8,51.0,7.1,19.8,43.3,46.2,12.3,11.6,13.8,13.6,1610612762,UTA @ SAS,0,1,0,2,121.6,126.6,44.3,44.4,30.7,31.8,7.3,7.4,3.2,2.8,46.5,45.9,-7.3,-7.8,42.7,42.4,13.7,13.8,14.1,16.2,0
1610612759,0022500456,2025-12-29,SAS vs. CLE,1,0,1,0,122.1,122.2,46.6,49.2,25.7,28.2,7.7,6.6,4.5,4.6,47.9,49.9,6.9,12.2,44.0,46.0,11.8,11.0,13.8,12.6,1610612739,CLE @ SAS,0,0,1,1,119.1,125.8,45.1,42.4,28.1,32.0,8.7,8.8,3.9,3.0,46.6,50.2,-1.9,0.0,43.8,47.6,12.9,13.8,14.6,16.8,0
1610612759,0022500467,2025-12-31,SAS vs. NYK,1,0,1,1,121.1,117.2,46.3,48.4,25.9,26.2,7.3,5.8,4.3,4.2,47.8,46.8,5.2,4.2,43.4,42.2,12.4,11.8,13.5,11.4,1610612752,NYK @ SAS,0,0,1,0,120.8,124.0,46.9,46.2,27.0,27.6,8.1,8.2,4.1,3.4,48.6,47.4,7.1,1.2,43.5,44.2,13.0,12.8,15.2,17.4,0
1610612760,0022500280,2025-11-23,OKC vs. POR,1,0,1,9,121.3,122.6,44.8,40.2,26.6,28.4,11.2,11.8,5.8,6.0,49.3,51.6,18.1,21.0,43.8,44.8,12.5,14.0,14.3,14.6,1610612757,POR @ OKC,0,0,1,0,121.6,121.4,45.9,51.2,25.9,25.2,9.2,7.4,4.7,4.6,45.6,44.0,-1.2,-8.6,43.1,43.2,15.9,17.0,13.7,13.0,0
1610612760,0022500064,2025-11-26,OKC vs. MIN,1,0,2,10,121.6,122.8,44.7,41.6,27.4,29.4,10.9,10.8,6.1,6.8,49.7,52.2,18.7,20.6,43.9,45.0,12.6,14.6,14.4,15.2,1610612750,MIN @ OKC,0,0,1,0,120.4,115.4,44.5,48.2,26.1,23.4,9.7,12.4,5.1,4.8,48.8,44.6,7.1,3.6,42.9,41.2,14.7,14.6,13.6,12.4,0
1610612760,0022500075,2025-11-28,OKC vs. PHX,1,0,1,11,122.4,123.6,43.7,39.4,27.3,28.0,11.1,10.6,6.0,6.2,49.8,51.6,18.8,19.6,43.7,43.6,12.2,13.2,14.5,14.4,1610612756,PHX @ OKC,0,0,1,0,116.8,111.2,43.6,44.0,25.7,22.4,11.1,13.0,4.2,4.2,48.0,45.6,8.5,3.4,42.3,40.8,15.6,16.6,14.9,13.8,0
1610612760,0022500349,2025-12-05,OKC vs. DAL,1,0,2,14,122.3,121.0,43.3,43.0,26.6,26.0,10.1,8.2,5.6,5.6,50.4,51.2,16.7,11.8,43.6,43.0,12.5,11.6,13.8,12.4,1610612742,DAL @ OKC,0,0,1,0,114.2,116.8,45.9,43.8,25.5,27.6,8.3,8.2,6.3,4.4,45.7,47.7,-2.6,2.0,41.4,44.2,14.8,11.2,12.6,13.8,0
1610612760,0022501203,2025-12-10,OKC vs. PHX,1,0,2,16,123.5,126.6,43.1,42.8,27.3,28.0,9.7,7.6,5.3,4.6,51.7,53.9,18.9,15.0,44.6,46.0,12.2,11.2,13.8,14.6,1610612756,PHX @ OKC,0,0,1,0,115.4,112.4,42.3,38.6,24.1,23.6,11.2,10.8,3.5,2.2,47.3,46.2,4.8,-4.2,42.4,42.6,14.1,11.6,13.6,12.6,0
1610612760,0022500369,2025-12-18,OKC vs. LAC,1,0,4,1,123.6,126.8,42.5,44.4,27.7,27.6,10.2,9.8,5.3,4.4,51.9,54.5,19.1,22.0,44.6,46.8,12.9,12.4,14.3,15.8,1610612746,LAC @ OKC,0,0,2,0,112.6,107.0,40.7,38.6,23.0,23.6,8.7,10.0,3.7,2.6,46.3,47.3,-5.3,-1.8,39.5,39.0,14.3,14.2,12.1,12.0,0
1610612760,0022500406,2025-12-22,OKC vs. MEM,1,0,2,1,122.4,121.4,43.0,45.6,26.8,25.6,10.1,12.2,5.7,5.6,50.8,48.6,16.6,18.6,44.3,44.6,12.2,12.0,14.1,15.2,1610612763,MEM @ OKC,0,0,1,0,116.3,120.8,49.0,46.8,29.7,29.4,7.8,9.8,5.0,4.6,46.7,46.5,4.9,7.0,42.9,43.6,14.5,15.0,13.1,14.4,0
1610612760,0022500010,2025-12-25,OKC vs. SAS,1,0,1,0,122.0,113.4,42.6,44.6,25.9,21.4,10.0,11.4,5.2,4.6,51.0,45.8,14.3,2.0,44.6,42.4,11.9,11.8,14.0,12.0,1610612759,SAS @ OKC,0,0,1,8,122.5,122.0,46.5,51.2,25.7,28.2,8.0,7.8,4.3,5.4,47.7,48.5,6.7,17.2,43.5,44.6,12.2,13.0,14.2,14.0,0
1610612760,0022500442,2025-12-28,OKC vs. PHI,1,0,2,1,121.3,112.0,42.8,44.0,26.0,22.0,9.9,10.2,4.9,5.0,50.5,45.3,12.4,-0.6,44.3,42.2,11.3,10.4,14.1,12.4,1610612755,PHI @ OKC,0,0,1,0,114.2,112.4,46.3,45.2,24.1,22.0,9.3,9.4,5.5,5.8,43.1,40.9,0.1,-0.4,39.8,38.0,12.7,10.6,13.0,12.8,0
1610612760,0022500455,2025-12-29,OKC vs. ATL,1,1,0,2,120.3,113.4,43.4,43.4,25.4,21.8,9.7,9.0,5.1,5.4,50.3,47.3,11.9,0.2,44.3,42.6,11.3,11.4,13.2,11.8,1610612737,ATL @ OKC,0,0,1,0,120.5,121.4,41.7,39.0,31.8,32.4,8.5,6.8,4.3,4.0,47.4,47.7,-6.4,-10.2,44.1,44.0,14.9,13.8,14.7,15.2,0
1610612760,0022500470,2025-12-31,OKC vs. POR,1,0,1,3,121.5,120.0,43.4,42.8,25.0,24.0,9.7,9.4,5.0,4.8,50.4,50.7,10.9,3.4,44.8,46.4,11.3,11.8,13.0,12.0,1610612757,POR @ OKC,0,0,1,0,113.8,110.0,44.9,44.4,24.1,24.0,6.7,6.2,5.2,4.0,44.9,46.3,-4.8,-3.8,39.4,39.6,17.1,17.0,13.8,13.2,0
1610612761,0022500279,2025-11-23,TOR vs. BKN,1,0,1,7,120.0,125.2,41.3,42.2,30.1,32.0,8.8,10.4,4.4,4.6,50.1,54.5,5.6,14.4,43.8,46.8,13.0,14.0,12.6,10.8,1610612751,BKN @ TOR,0,0,1,0,109.9,109.6,39.0,38.8,25.1,27.0,7.2,7.4,3.6,5.0,44.2,45.6,-10.3,0.0,37.9,37.6,14.1,11.4,13.8,13.6,0
1610612761,0022500284,2025-11-24,TOR vs. CLE,1,1,0,8,120.2,123.8,40.7,40.0,30.4,30.6,8.9,11.6,4.4,4.0,49.9,52.6,6.7,13.8,43.6,44.8,12.5,13.2,12.9,11.4,1610612739,CLE @ TOR,0,1,0,0,119.9,114.0,45.2,45.2,27.5,25.0,8.7,6.6,6.2,6.2,46.1,49.2,5.5,7.2,42.5,41.2,13.3,14.8,15.5,14.0,0
1610612761,0022500063,2025-11-26,TOR vs. IND,1,0,1,9,118.9,120.0,41.3,41.0,30.1,30.4,8.8,10.6,4.4,3.6,49.9,51.3,8.1,12.4,43.3,44.0,12.6,13.8,12.7,12.0,1610612754,IND @ TOR,0,0,1,0,109.3,115.2,44.6,39.8,23.6,24.0,7.1,7.8,4.9,5.2,41.5,45.6,-11.9,-8.0,37.9,38.8,13.7,15.2,11.4,12.8,0
1610612761,0022500319,2025-12-02,TOR vs. POR,1,0,1,1,116.7,106.2,44.6,44.6,29.7,27.4,8.8,8.8,4.6,3.6,48.5,44.1,7.9,-1.2,43.0,39.8,12.9,14.0,11.3,10.0,1610612757,POR @ TOR,0,0,1,0,116.5,110.8,47.3,48.4,24.1,23.2,7.6,7.0,5.0,6.2,44.2,42.4,-5.5,-6.4,40.7,36.8,15.5,16.4,13.3,14.2,0
1610612761,0022500336,2025-12-04,TOR vs. LAL,1,0,1,0,116.9,106.6,44.2,46.8,29.7,28.0,9.1,8.4,4.3,3.4,48.7,45.5,7.3,-2.6,43.2,41.6,13.1,15.8,11.3,9.2,1610612747,LAL @ TOR,0,0,2,1,119.5,122.6,40.9,40.4,25.4,24.6,8.7,5.0,3.6,4.4,50.9,52.1,4.1,4.8,42.3,43.2,14.7,13.6,12.5,13.8,0
1610612761,0022500344,2025-12-05,TOR vs. CHA,1,1,0,0,116.4,108.6,43.6,44.8,30.1,30.2,9.2,8.6,4.5,4.8,48.8,45.6,5.2,-5.4,43.2,41.6,13.5,15.8,11.1,10.2,1610612766,CHA @ TOR,0,0,1,1,111.5,109.8,43.8,41.2,24.0,22.4,6.5,6.0,5.3,6.4,44.0,43.1,-7.9,-8.4,39.3,38.8,14.5,13.4,13.1,12.6,0
1610612761,0022500358,2025-12-07,TOR vs. BOS,1,0,1,0,114.9,106.4,43.1,43.4,29.9,30.4,9.3,9.2,4.3,4.8,48.5,45.2,2.7,-10.8,43.0,41.4,14.0,17.0,10.9,11.0,1610612738,BOS @ TOR,0,0,1,5,120.6,125.4,44.7,42.2,26.1,25.4,8.1,9.6,5.4,5.4,49.5,52.4,9.7,14.0,44.7,46.8,11.1,11.8,16.3,17.4,0
1610612761,0022501202,2025-12-09,TOR vs. NYK,1,0,1,0,114.4,106.8,43.4,41.4,29.4,28.0,9.1,9.0,4.2,4.8,48.7,46.1,2.9,-11.0,43.1,41.2,14.1,16.4,10.5,11.0,1610612752,NYK @ TOR,0,0,1,4,121.7,120.8,45.0,47.2,27.5,27.6,8.5,8.0,4.2,4.0,48.8,48.6,9.9,14.2,44.1,43.8,12.3,12.0,14.9,15.8,0
1610612761,0022500388,2025-12-20,TOR vs. BOS,1,0,1,0,110.7,103.4,42.6,42.0,29.1,26.6,9.3,8.8,4.1,4.0,47.4,45.4,0.1,-6.6,41.9,40.0,15.1,15.8,11.3,11.6,1610612738,BOS @ TOR,0,1,0,2,120.5,116.4,43.7,40.2,24.8,22.8,7.7,7.8,5.7,5.6,49.6,48.2,8.4,4.0,44.0,41.2,11.6,12.8,16.9,17.8,0
1610612761,0022500441,2025-12-28,TOR vs. GSW,1,0,1,1,105.1,103.4,42.9,40.8,28.0,27.8,8.3,7.8,4.5,4.8,44.9,44.1,-5.3,-5.0,40.1,38.2,15.1,14.0,11.4,13.0,1610612744,GSW @ TOR,0,0,2,0,113.5,118.8,46.5,47.0,28.8,31.2,9.2,9.8,4.3,5.0,44.6,46.3,3.3,6.0,40.7,42.2,14.7,16.4,15.4,15.6,0
1610612761,0022500451,2025-12-29,TOR vs. ORL,1,1,0,2,107.1,109.4,43.2,42.8,28.8,29.6,8.5,8.0,4.5,4.8,45.1,44.2,-5.1,-3.4,40.9,41.0,15.1,13.6,11.6,13.0,1610612753,ORL @ TOR,0,0,1,0,116.5,113.4,44.4,43.0,27.0,26.6,8.3,7.8,5.1,5.2,45.8,45.1,-0.9,-6.4,42.7,40.6,11.9,12.0,11.3,10.8,0
1610612761,0022500468,2025-12-31,TOR vs. DEN,1,0,1,0,107.8,111.6,43.9,47.0,29.1,28.0,8.3,8.8,4.7,4.8,45.1,43.8,-5.2,0.0,41.1,41.6,14.6,12.4,11.8,11.4,1610612743,DEN @ TOR,0,0,1,1,127.9,131.2,41.6,43.0,30.3,32.6,6.8,6.4,3.8,4.0,52.4,51.6,4.1,0.2,46.2,46.8,12.3,13.6,15.5,17.0,0
1610612762,0022500282,2025-11-23,UTA vs. LAL,1,0,1,0,118.9,132.4,46.7,43.8,29.6,33.8,8.1,9.6,3.7,3.8,45.1,49.7,-7.2,-5.8,40.8,46.2,17.2,18.4,13.9,17.0,1610612747,LAL @ UTA,0,0,4,4,117.9,118.0,41.1,42.2,26.0,25.2,9.6,11.2,3.3,2.4,51.0,50.3,2.7,6.6,42.0,41.6,15.9,16.0,10.9,11.8,0
1610612762,0022500077,2025-11-28,UTA vs. SAC,1,0,3,1,118.3,122.2,46.4,43.4,29.3,30.2,7.9,10.0,3.7,3.8,44.5,46.9,-9.8,-12.4,40.9,44.4,17.0,16.4,13.5,14.2,1610612758,SAC @ UTA,0,0,1,0,111.9,108.0,39.9,40.8,26.5,24.8,8.0,8.6,2.9,3.4,46.9,46.6,-13.4,-11.4,41.2,41.0,13.8,14.2,10.7,9.6,0
1610612762,0022500301,2025-11-30,UTA vs. HOU,1,0,1,0,117.6,117.8,45.4,42.6,29.7,30.8,7.8,8.8,3.8,3.6,45.0,47.7,-9.5,-11.2,40.7,43.0,16.6,17.0,13.3,13.2,1610612745,HOU @ UTA,0,0,3,3,120.9,111.6,49.1,49.2,25.4,22.6,9.5,8.2,4.7,3.4,48.3,44.0,11.5,7.4,43.9,41.2,13.7,13.0,12.7,11.0,0
1610612762,0022500316,2025-12-01,UTA vs. HOU,1,1,0,1,115.4,112.8,44.5,42.6,29.8,30.6,7.7,7.8,3.6,4.0,44.7,46.2,-11.2,-14.0,40.6,41.2,16.3,16.8,13.1,12.4,1610612745,HOU @ UTA,0,1,0,0,122.1,114.0,49.5,47.2,26.4,24.8,9.5,10.2,5.1,4.0,49.2,46.2,13.6,12.2,44.9,42.0,13.8,13.0,12.8,11.6,0
1610612762,0022500363,2025-12-07,UTA vs. OKC,1,0,1,0,119.7,119.4,43.5,41.6,30.7,30.2,8.2,7.6,3.5,3.0,45.9,46.7,-9.2,-6.4,41.8,40.6,15.5,13.2,14.1,13.0,1610612760,OKC @ UTA,0,0,1,15,122.7,123.0,43.5,41.8,26.7,25.4,9.7,7.4,5.4,4.6,50.6,51.8,16.8,10.6,43.7,43.4,12.3,10.0,13.4,11.8,0
1610612762,0022501224,2025-12-15,UTA vs. DAL,1,0,2,2,121.7,119.8,44.3,44.2,31.1,29.0,7.8,7.0,3.6,2.6,47.0,46.8,-7.5,-7.8,43.1,42.0,15.4,13.4,14.7,14.4,1610612742,DAL @ UTA,0,0,2,0,115.7,120.2,43.2,39.8,25.9,29.8,8.0,7.0,6.0,5.2,47.1,52.5,-1.9,4.0,42.4,47.0,14.3,11.6,13.1,13.0,0
1610612762,0022500379,2025-12-18,UTA vs. LAL,1,0,2,0,123.5,121.2,44.1,43.6,31.3,29.0,8.0,7.0,3.5,2.6,47.8,47.1,-6.6,-8.0,43.9,43.0,15.3,13.4,14.4,14.2,1610612747,LAL @ UTA,0,0,3,2,118.5,115.0,42.3,44.4,24.1,22.6,7.7,7.0,4.4,6.4,49.7,46.7,2.1,-5.0,41.5,39.8,14.3,13.4,12.7,12.6,0
1610612762,0022500393,2025-12-20,UTA vs. ORL,1,0,1,0,122.4,123.6,43.7,43.6,30.9,29.0,8.1,6.4,3.4,2.6,47.6,47.4,-8.7,-12.2,43.4,43.2,15.2,13.6,14.3,15.0,1610612753,ORL @ UTA,0,0,1,1,118.7,111.6,44.3,44.4,26.8,27.0,8.7,7.0,4.9,4.4,46.9,44.8,4.7,-3.8,43.1,41.2,12.1,12.0,12.1,12.6,0
1610612762,0022500419,2025-12-23,UTA vs. MEM,1,1,0,0,120.2,128.8,43.6,49.0,30.6,32.2,7.4,6.0,2.9,2.4,47.0,46.8,-9.9,-4.2,42.8,45.2,14.7,13.0,13.8,15.4,1610612763,MEM @ UTA,0,1,0,1,116.5,117.6,49.0,45.8,30.0,29.0,7.7,7.8,5.0,4.8,47.0,45.7,4.4,-0.8,43.1,42.4,14.9,14.8,13.7,16.0,0
1610612762,0022500430,2025-12-26,UTA vs. DET,1,0,2,1,120.3,128.4,44.1,45.4,30.3,31.4,7.1,6.6,2.9,2.0,46.5,46.5,-9.5,-6.8,42.3,43.6,14.4,13.0,14.0,15.2,1610612765,DET @ UTA,0,0,2,0,119.5,116.8,47.4,50.4,26.3,27.2,9.7,11.2,6.1,6.4,48.0,45.2,7.0,9.6,43.6,44.8,15.1,12.6,10.7,9.2,0
1610612762,0022500459,2025-12-30,UTA vs. BOS,1,0,2,0,123.0,125.0,43.7,44.0,31.1,32.4,7.4,8.4,3.3,3.4,47.3,46.4,-6.3,-3.6,43.0,42.8,13.8,14.2,14.4,16.0,1610612738,BOS @ UTA,0,0,1,1,120.1,118.4,42.7,46.4,23.3,22.2,8.5,8.4,5.5,5.2,49.5,48.7,7.8,9.8,43.6,42.6,11.9,13.4,16.2,15.4,0
1610612763,0022500265,2025-11-20,MEM vs. SAC,1,0,1,1,111.1,103.2,44.7,48.0,27.6,28.4,7.5,6.6,4.2,4.4,42.9,40.0,-8.1,-16.2,38.6,36.6,14.4,15.0,12.9,12.4,1610612758,SAC @ MEM,0,1,0,0,112.0,105.4,39.7,39.2,26.0,26.2,8.9,9.0,3.1,2.2,46.6,44.5,-11.6,-17.6,41.3,39.4,14.1,14.6,11.5,11.2,0
1610612763,0022500287,2025-11-24,MEM vs. DEN,1,0,1,0,110.9,107.0,46.7,51.2,28.9,28.8,7.7,7.8,3.7,4.2,42.9,40.2,-3.2,-1.4,39.1,38.4,13.2,11.6,12.9,11.2,1610612743,DEN @ MEM,0,0,1,1,123.3,122.0,46.3,43.4,28.9,28.2,7.5,6.4,3.9,4.4,50.6,50.3,11.1,2.6,44.2,43.2,13.0,13.4,11.9,12.8,0
1610612763,0022500347,2025-12-05,MEM vs. LAC,1,0,2,1,112.1,118.8,48.8,48.8,29.2,30.2,6.9,5.6,5.1,6.2,44.2,49.3,-2.8,0.2,40.3,44.8,14.8,16.0,13.0,13.6,1610612746,LAC @ MEM,0,0,1,0,112.8,114.6,41.2,42.8,23.5,24.0,7.7,9.0,4.5,3.4,46.5,47.0,-5.9,-4.0,39.6,40.8,13.7,13.6,11.9,10.2,0
1610612763,0022500360,2025-12-07,MEM vs. POR,1,0,1,2,112.2,117.2,48.3,49.2,29.4,29.2,6.9,6.2,5.0,6.2,45.1,50.8,-1.7,4.0,40.7,44.6,14.5,16.8,12.7,12.4,1610612757,POR @ MEM,0,0,1,0,117.2,114.6,48.1,47.6,24.0,23.0,6.6,5.6,5.3,6.6,44.5,43.4,-5.1,-3.6,40.6,37.2,15.4,15.0,13.4,13.2,0
1610612763,0022501213,2025-12-12,MEM vs. UTA,1,0,4,0,112.9,114.4,48.6,49.6,29.6,27.2,7.5,8.0,4.7,5.4,45.6,49.1,0.9,7.6,41.1,42.2,14.9,18.0,12.5,11.0,1610612762,UTA @ MEM,0,0,4,1,119.5,114.0,43.1,39.2,30.8,28.8,8.1,7.4,3.5,2.6,46.4,46.4,-10.5,-14.2,42.3,40.2,15.7,14.2,14.1,12.8,0
1610612763,0022500391,2025-12-20,MEM vs. WAS,1,0,2,0,114.5,117.8,48.5,45.6,29.3,28.8,7.9,10.2,5.1,4.8,45.9,48.3,3.1,10.4,42.1,43.0,14.3,15.2,12.7,13.2,1610612764,WAS @ MEM,0,0,1,1,112.4,109.0,41.9,42.8,25.5,25.4,7.5,6.4,5.4,4.6,46.6,45.7,-12.7,-14.0,41.4,39.4,14.8,15.4,12.9,12.4,0
1610612763,0022500428,2025-12-26,MEM vs. MIL,1,0,2,2,118.9,119.8,47.8,44.2,30.7,30.8,8.0,9.0,5.3,5.4,48.0,47.6,5.7,1.8,43.6,43.0,15.0,15.8,14.1,16.0,1610612749,MIL @ MEM,0,0,2,0,108.5,102.8,40.2,42.8,26.3,24.0,7.9,7.0,3.7,3.4,47.9,46.8,-5.1,-4.4,39.8,38.4,14.9,16.4,14.3,11.8,0
1610612763,0022500458,2025-12-30,MEM vs. PHI,1,0,1,0,118.8,119.8,46.1,44.0,29.9,30.6,8.7,10.2,5.9,6.6,48.1,46.8,3.7,0.4,43.5,42.8,15.7,15.8,13.9,15.0,1610612755,PHI @ MEM,0,0,1,1,112.9,109.8,45.3,42.0,23.5,21.2,9.0,8.4,5.5,4.8,43.0,41.8,-2.2,-4.8,39.3,37.4,13.3,13.0,12.9,12.8,0
1610612764,0022500057,2025-11-25,WAS vs. ATL,1,0,2,1,112.5,111.4,42.8,39.4,25.9,26.0,6.9,7.4,5.6,4.4,45.9,45.9,-16.4,-17.6,41.3,41.0,16.8,14.2,13.3,13.8,1610612737,ATL @ WAS,0,0,1,0,118.9,118.0,41.5,37.4,31.4,31.2,9.9,7.8,5.5,5.2,50.1,50.7,5.7,1.0,44.0,44.6,13.3,12.8,13.9,15.4,0
1610612764,0022500311,2025-12-01,WAS vs. MIL,1,0,2,1,111.7,111.4,42.1,41.0,25.7,26.4,7.1,8.6,5.8,5.8,46.3,47.3,-16.3,-11.2,41.3,41.4,16.7,15.6,13.4,13.6,1610612749,MIL @ WAS,0,0,1,0,112.2,109.4,39.7,39.8,27.0,27.4,8.4,9.4,4.1,3.8,48.1,48.4,-5.2,-4.0,41.7,40.4,14.1,13.6,15.5,16.2,0
1610612764,0022500334,2025-12-04,WAS vs. BOS,1,0,1,0,110.9,113.8,41.8,45.4,25.3,26.6,7.2,8.4,6.1,6.8,46.2,46.8,-15.7,-6.2,41.2,42.6,15.9,13.8,12.6,12.8,1610612738,BOS @ WAS,0,0,1,3,116.1,122.0,43.9,41.6,24.7,22.8,7.9,8.0,4.9,5.8,47.6,51.3,3.3,3.2,43.2,45.0,10.9,10.6,15.0,15.6,0
1610612764,0022500351,2025-12-06,WAS vs. ATL,1,0,1,0,111.4,110.0,41.6,41.8,25.4,24.2,7.1,7.6,5.7,6.8,46.3,46.0,-16.7,-15.0,40.9,40.8,16.0,14.4,12.7,11.6,1610612737,ATL @ WAS,0,1,0,1,119.3,119.0,40.7,42.6,32.5,30.8,9.9,10.6,5.1,3.6,49.2,46.6,2.8,-2.0,44.3,43.4,14.2,14.8,16.0,15.6,0
1610612764,0022501212,2025-12-12,WAS vs. CLE,1,0,5,0,112.3,106.8,40.4,39.8,25.3,24.0,7.0,6.2,5.7,6.2,46.6,44.8,-16.5,-21.8,41.1,39.4,16.0,16.0,12.9,11.2,1610612739,CLE @ WAS,0,0,5,1,117.1,116.8,46.8,49.0,26.0,25.0,8.1,8.0,5.9,5.8,46.2,46.0,1.8,2.0,42.6,43.6,12.5,10.8,14.1,13.0,0
1610612764,0022500399,2025-12-21,WAS vs. SAS,1,1,0,0,112.1,114.8,42.5,46.2,25.9,27.6,7.1,6.4,5.2,4.4,46.2,46.8,-12.0,-3.4,41.2,41.8,14.3,14.4,13.1,13.8,1610612759,SAS @ WAS,0,0,1,6,121.1,124.6,45.7,50.8,25.8,27.0,8.3,8.0,4.3,4.4,48.0,48.9,6.2,14.2,43.3,44.8,12.5,14.0,14.3,15.0,0
1610612764,0022500425,2025-12-26,WAS vs. TOR,1,0,2,1,112.3,110.8,43.9,49.6,25.7,24.4,6.8,5.6,5.6,5.0,46.0,43.9,-10.8,-5.2,41.4,41.6,13.6,9.4,12.7,11.4,1610612761,TOR @ WAS,0,0,2,0,105.2,101.2,42.9,43.2,28.3,29.2,8.5,7.6,4.4,5.2,45.1,44.8,-3.3,1.2,40.0,38.6,15.0,15.6,11.6,13.8,0
1610612764,0022500443,2025-12-28,WAS vs. MEM,1,0,1,2,114.3,116.8,44.1,47.6,25.7,25.8,6.9,6.2,5.7,5.8,46.7,46.5,-8.7,-4.8,42.1,44.2,13.3,9.8,12.7,12.4,1610612763,MEM @ WAS,0,0,1,0,118.1,120.6,47.3,46.2,29.8,29.8,8.1,9.4,5.7,5.8,48.0,47.2,4.3,2.4,43.1,42.6,15.4,16.2,13.9,15.4,0
1610612764,0022500448,2025-12-29,WAS vs. PHX,1,1,0,0,114.7,121.2,45.8,49.2,25.7,25.2,6.9,6.0,6.2,7.2,46.5,46.9,-6.4,1.0,42.3,45.0,13.5,11.2,12.5,12.2,1610612756,PHX @ WAS,0,0,1,4,111.0,117.0,41.6,45.6,24.2,25.8,10.9,10.8,3.9,5.0,46.2,48.3,-2.3,7.6,41.4,43.4,14.2,15.0,12.7,12.8,0
1610612764,0022500477,2026-01-02,WAS vs. BKN,1,0,1,2,112.2,115.6,45.5,47.2,25.0,25.2,6.4,6.8,6.5,8.4,45.6,46.5,-8.5,-1.0,41.3,42.6,13.3,12.6,12.3,13.0,1610612751,BKN @ WAS,0,1,0,0,108.6,107.2,40.8,37.4,26.1,25.0,8.1,9.0,4.4,3.0,45.6,46.8,0.9,0.4,38.3,37.2,15.6,16.4,14.7,14.0,0
1610612765,0022500072,2025-11-28,DET vs. ORL,1,0,1,0,120.2,122.4,45.8,43.0,26.7,26.4,10.5,8.8,5.5,5.8,49.7,52.3,7.3,7.6,43.9,44.2,14.2,14.0,11.4,11.0,1610612753,ORL @ DET,0,0,2,2,121.3,131.2,44.3,44.2,27.6,31.8,8.5,8.8,5.1,3.4,48.2,50.9,8.3,16.0,42.2,47.2,13.5,11.0,12.7,13.6,0
1610612765,0022500309,2025-12-01,DET vs. ATL,1,0,1,2,121.3,122.4,45.7,45.0,26.9,25.2,10.1,8.2,5.5,5.6,50.7,51.1,7.5,3.0,44.7,44.0,14.7,17.4,11.3,11.6,1610612737,ATL @ DET,0,1,0,0,120.0,122.6,41.8,43.8,32.1,33.0,9.6,7.4,5.7,5.8,49.6,48.1,4.1,3.2,43.7,45.2,15.1,13.0,14.7,14.8,0
1610612765,0022500342,2025-12-05,DET vs. POR,1,0,1,1,119.5,113.8,46.6,50.4,26.3,22.8,10.0,8.4,5.5,6.4,49.6,45.4,5.9,-1.2,44.0,41.0,15.8,18.8,11.3,10.4,1610612757,POR @ DET,0,0,1,0,117.5,114.4,48.1,47.6,24.1,23.4,6.7,6.0,5.2,6.6,44.4,44.1,-4.5,0.0,40.6,37.2,15.3,14.4,13.9,14.4,0
1610612765,0022500353,2025-12-06,DET vs. MIL,1,1,0,2,120.0,115.4,45.6,46.6,26.3,23.6,10.2,9.0,5.6,6.4,49.4,46.7,5.6,0.6,43.5,41.2,15.8,18.8,11.2,10.2,1610612749,MIL @ DET,0,1,0,0,112.0,113.0,38.0,38.0,27.4,27.6,8.3,8.2,4.0,3.8,48.9,50.8,-5.5,-1.2,41.3,40.4,14.5,14.8,15.4,15.8,0
1610612765,0022501210,2025-12-12,DET vs. ATL,1,0,5,3,119.9,118.4,46.1,47.4,26.2,25.4,9.6,8.6,5.8,5.6,48.9,47.9,5.2,3.6,43.1,42.4,15.9,17.0,11.8,11.0,1610612737,ATL @ DET,0,0,5,0,119.9,119.2,41.2,44.0,32.5,30.8,9.9,11.0,4.9,3.4,49.3,46.7,2.5,-0.4,44.5,44.2,14.3,14.8,15.8,15.0,0
1610612765,0022500390,2025-12-20,DET vs. CHA,1,0,1,1,119.7,122.8,45.9,46.2,26.3,27.2,9.3,9.8,5.7,4.8,48.8,47.8,6.3,10.0,43.5,44.4,14.9,12.0,11.3,11.2,1610612766,CHA @ DET,0,0,1,0,112.8,119.0,42.7,43.2,25.3,29.4,7.3,9.2,4.9,4.4,45.0,49.0,-3.7,5.6,40.6,43.6,13.8,15.0,14.1,16.8,0
1610612765,0022500472,2026-01-01,DET vs. MIA,1,0,1,0,118.9,120.4,46.7,42.6,27.0,30.4,10.3,10.4,6.3,7.0,48.3,50.8,6.5,4.8,43.7,45.0,15.5,14.2,10.7,11.4,1610612748,MIA @ DET,0,0,2,4,117.5,126.2,45.0,46.4,27.3,29.2,9.3,11.2,4.8,2.6,46.6,47.9,0.4,7.4,43.1,46.2,12.7,11.4,12.7,14.0,0
1610612766,0022500268,2025-11-22,CHA vs. LAC,1,0,2,0,116.6,113.4,46.0,45.4,26.3,25.6,7.0,8.0,4.9,4.4,45.8,42.7,-3.6,-5.2,40.8,40.4,15.6,13.2,14.4,13.6,1610612746,LAC @ CHA,0,0,1,1,111.0,115.2,41.5,42.6,23.7,22.2,8.6,7.4,5.3,5.8,46.9,44.7,-6.1,-8.2,39.2,39.0,15.5,15.6,13.3,13.8,0
1610612766,0022500061,2025-11-26,CHA vs. NYK,1,0,2,0,114.5,109.6,45.1,43.8,25.5,24.0,6.9,6.6,4.7,4.0,45.3,42.9,-5.8,-8.4,40.1,39.4,15.1,13.0,13.9,12.8,1610612752,NYK @ CHA,0,0,1,2,120.4,120.0,45.9,45.4,27.7,27.6,8.0,7.0,4.5,5.8,46.9,48.3,5.0,1.8,43.4,44.0,12.7,11.4,15.6,13.4,0
1610612766,0022500071,2025-11-28,CHA vs. CHI,1,0,1,1,112.0,110.6,43.9,42.4,24.5,22.4,6.4,6.4,4.6,3.6,44.6,43.5,-9.4,-11.4,39.3,39.0,15.5,14.0,13.7,12.2,1610612741,CHI @ CHA,0,0,3,0,122.5,122.0,46.1,43.4,29.9,29.6,7.4,5.8,5.7,6.8,47.8,46.1,-4.4,-8.8,43.9,43.2,14.3,14.0,15.4,16.8,0
1610612766,0022500294,2025-11-29,CHA vs. TOR,1,1,0,2,112.4,113.6,44.3,42.0,24.6,24.2,6.2,5.4,5.1,3.8,44.7,44.1,-7.1,-9.6,39.5,40.4,15.2,13.2,13.5,13.2,1610612761,TOR @ CHA,0,0,2,0,118.5,117.4,43.1,42.0,29.3,29.0,8.8,10.8,4.4,3.0,49.4,49.1,9.4,12.4,43.1,42.2,12.5,13.0,12.2,11.0,0
1610612766,0022500359,2025-12-07,CHA vs. DEN,1,0,1,0,111.5,111.8,43.7,43.6,24.4,24.6,6.9,7.8,5.3,7.0,44.2,44.8,-5.9,2.2,39.1,39.2,14.8,14.8,13.1,12.6,1610612743,DEN @ CHA,0,0,1,3,125.9,131.2,44.0,42.2,29.1,30.2,6.3,5.4,4.1,5.2,52.0,54.0,7.6,4.2,45.1,47.0,12.6,12.2,14.6,16.6,0
1610612766,0022501209,2025-12-12,CHA vs. CHI,1,0,4,0,111.3,108.4,43.0,43.8,24.5,23.8,7.1,8.0,4.9,5.6,44.6,44.7,-5.3,-1.0,39.2,38.0,14.5,15.0,13.3,12.4,1610612741,CHI @ CHA,0,0,4,1,116.3,104.0,44.9,42.8,27.5,23.8,8.0,9.4,4.9,2.8,45.2,43.4,-9.3,-12.8,41.2,37.4,15.0,16.4,14.2,12.2,0
1610612766,0022500371,2025-12-18,CHA vs. ATL,1,0,3,2,112.9,113.2,42.9,44.6,24.7,25.4,7.3,7.8,4.8,5.2,44.6,46.2,-5.1,1.2,40.5,41.0,13.7,14.8,13.6,14.6,1610612737,ATL @ CHA,0,0,3,0,119.7,118.2,41.7,44.4,31.7,30.4,9.6,9.4,4.9,4.2,48.4,46.8,-1.5,-6.6,44.2,43.4,14.7,15.2,15.7,14.8,0
1610612766,0022500409,2025-12-23,CHA vs. WAS,1,1,0,1,113.7,119.2,42.5,41.8,25.8,29.4,7.6,9.4,4.7,4.6,45.0,46.1,-4.9,-4.2,40.6,43.4,14.7,16.0,14.6,18.2,1610612764,WAS @ CHA,0,0,1,0,112.1,114.2,42.9,49.6,25.6,25.8,7.1,6.2,5.3,4.8,46.1,45.4,-11.2,-2.6,41.2,42.0,13.9,11.4,12.8,12.6,0
1610612766,0022500447,2025-12-29,CHA vs. MIL,1,0,2,0,114.5,119.4,43.7,45.6,26.2,29.4,7.2,7.8,5.2,5.0,45.2,45.3,-1.2,1.2,40.5,41.2,14.5,14.8,15.6,19.4,1610612749,MIL @ CHA,0,0,1,2,107.5,106.4,41.4,46.4,25.0,22.4,8.5,9.0,3.5,3.2,47.2,45.2,-4.5,-0.8,39.0,38.2,15.1,15.8,13.9,13.0,0
1610612766,0022500462,2025-12-31,CHA vs. GSW,1,0,1,0,114.7,115.4,44.0,47.6,26.3,27.2,7.3,6.6,5.3,5.0,45.1,43.1,-1.7,-2.2,40.6,39.4,14.3,14.6,15.8,18.0,1610612744,GSW @ CHA,0,0,1,2,115.4,122.4,45.7,45.4,28.7,29.2,9.1,9.2,4.7,6.2,45.6,48.0,4.5,7.0,41.3,43.2,14.6,15.4,15.1,13.6,0
